seqId	guideId	guideSeq	offtargetSeq	mismatchPos	mismatchCount	mitOfftargetScore	cfdOfftargetScore	chrom	start	end	strand	locusDesc
 target67_chrX_478678:478828	41rev	TACTGCGGAAACTGTGATTGTGG	TACTGCGGAAACTGTGATTGTGG	....................	0	100.0	1.0	chrIV	883530	883552	+	exon:YDR210C-D/YDR210C-C
 target67_chrX_478678:478828	41rev	TACTGCGGAAACTGTGATTGTGG	TACTGCGGAAACTGTGATTGTGG	....................	0	100.0	1.0	chrVII	536432	536454	-	exon:YGR027W-A/YGR027W-B
 target67_chrX_478678:478828	41rev	TACTGCGGAAACTGTGATTGTGG	TACTGCGGAAACTGTGATTGTGG	....................	0	100.0	1.0	chrIV	650729	650751	+	exon:YDR098C-B/YDR098C-A
 target67_chrX_478678:478828	41rev	TACTGCGGAAACTGTGATTGTGG	TACTGCGGAAACTGTGATTGTGG	....................	0	100.0	1.0	chrIV	1207372	1207394	-	exon:YDR365W-A/YDR365W-B
 target67_chrX_478678:478828	41rev	TACTGCGGAAACTGTGATTGTGG	TACTGCGGAAACTGTGATTGTGG	....................	0	100.0	1.0	chrXII	593813	593835	-	exon:YLR227W-A/YLR227W-B
 target67_chrX_478678:478828	41rev	TACTGCGGAAACTGTGATTGTGG	TACTGCGGAAACTGTGATTGTGG	....................	0	100.0	1.0	chrX	473135	473157	-	exon:YJR026W/YJR027W
 target67_chrX_478678:478828	41rev	TACTGCGGAAACTGTGATTGTGG	TACTGCGGAAACTGTGATTGTGG	....................	0	100.0	1.0	chrXVI	809872	809894	+	exon:YPR137C-B/YPR137C-A
 target67_chrX_478678:478828	41rev	TACTGCGGAAACTGTGATTGTGG	TACTGCGGAAACTGTGATTGTGG	....................	0	100.0	1.0	chrXII	220311	220333	+	intergenic:YLR035C-A-YLR036C
 target67_chrX_478678:478828	41rev	TACTGCGGAAACTGTGATTGTGG	TACTGCGGAAACTGTGATTGTGG	....................	0	100.0	1.0	chrI	165469	165491	+	exon:YAR010C
 target67_chrX_478678:478828	41rev	TACTGCGGAAACTGTGATTGTGG	TACTGCGGAAACTGTGATTGTGG	....................	0	100.0	1.0	chrXIII	184836	184858	-	exon:YML045W-A/YML045W
 target67_chrX_478678:478828	41rev	TACTGCGGAAACTGTGATTGTGG	TACTGCGGAAACTGTGATTGTGG	....................	0	100.0	1.0	chrIV	991952	991974	+	exon:YDR261C-D/YDR261C-C
 target67_chrX_478678:478828	41rev	TACTGCGGAAACTGTGATTGTGG	TACTGCGGAAACTGTGATTGTGG	....................	0	100.0	1.0	chrIV	1096439	1096461	-	exon:YDR316W-A/YDR316W-B
 target67_chrX_478678:478828	41rev	TACTGCGGAAACTGTGATTGTGG	TACTGCGGAAACTGTGATTGTGG	....................	0	100.0	1.0	chrV	497727	497749	+	exon:YER160C/YER159C-A
 target67_chrX_478678:478828	41rev	TACTGCGGAAACTGTGATTGTGG	TACTGCGGAAACTGTGATTGTGG	....................	0	100.0	1.0	chrVIII	548949	548971	+	exon:YHR214C-B/YHR214C-C
 target67_chrX_478678:478828	41rev	TACTGCGGAAACTGTGATTGTGG	TACTGCGGAAACTGTGATTGTGG	....................	0	100.0	1.0	chrVII	822618	822640	+	exon:YGR161C-D/YGR161C-C
 target67_chrX_478678:478828	41rev	TACTGCGGAAACTGTGATTGTGG	TACTGCGGAAACTGTGATTGTGG	....................	0	100.0	1.0	chrXII	651492	651514	-	exon:YLR256W-A
 target67_chrX_478678:478828	41rev	TACTGCGGAAACTGTGATTGTGG	TACTGCGGAAACTGTGATTGTGG	....................	0	100.0	1.0	chrXVI	57123	57145	-	exon:YPL257W-A/YPL257W-B
 target67_chrX_478678:478828	41rev	TACTGCGGAAACTGTGATTGTGG	TACTGCGGAAACTGTGATTGTGG	....................	0	100.0	1.0	chrXII	481204	481226	+	exon:YLR157C-B/YLR157C-A
 target67_chrX_478678:478828	41rev	TACTGCGGAAACTGTGATTGTGG	TACTGCGGAAACTGTGATTGTGG	....................	0	100.0	1.0	chrXV	595487	595509	-	exon:YOR142W-A/YOR142W-B
 target67_chrX_478678:478828	41rev	TACTGCGGAAACTGTGATTGTGG	TACTGCGGAAACTGTGATTGTGG	....................	0	100.0	1.0	chrII	260244	260266	-	exon:YBR012W-A/YBR012W-B
 target67_chrX_478678:478828	41rev	TACTGCGGAAACTGTGATTGTGG	TACTGCGGAAACTGTGATTGTGG	....................	0	100.0	1.0	chrXV	118375	118397	-	exon:YOL103W-A/YOL103W-B
 target67_chrX_478678:478828	41rev	TACTGCGGAAACTGTGATTGTGG	TACTGCGGAAACTGTGATTGTGG	....................	0	100.0	1.0	chrXIII	197003	197025	-	exon:YML040W/YML039W
 target67_chrX_478678:478828	41rev	TACTGCGGAAACTGTGATTGTGG	TACTGCGGAAACTGTGATTGTGG	....................	0	100.0	1.0	chrXVI	855860	855882	+	exon:YPR158C-D/YPR158C-C
 target67_chrX_478678:478828	41rev	TACTGCGGAAACTGTGATTGTGG	TACTGCGGAAACTGTGATTGTGG	....................	0	100.0	1.0	chrVII	567070	567092	+	exon:YGR038C-B/YGR038C-A
 target67_chrX_478678:478828	41rev	TACTGCGGAAACTGTGATTGTGG	TACTGCGGAAACTGTGATTGTGG	....................	0	100.0	1.0	chrX	478719	478741	-	exon:YJR028W/YJR029W
 target67_chrX_478678:478828	41rev	TACTGCGGAAACTGTGATTGTGG	TACTGCGGAAACTGTGATTGTGG	....................	0	100.0	1.0	chrV	448627	448649	+	exon:YER138C/YER137C-A
 target67_chrX_478678:478828	41rev	TACTGCGGAAACTGTGATTGTGG	TACTGCGGAAACTGTGATTGTGG	....................	0	100.0	1.0	chrXIII	377928	377950	+	exon:YMR050C/YMR051C
 target67_chrX_478678:478828	41rev	TACTGCGGAAACTGTGATTGTGG	TACTGCGGAAACTGTGAATGTGG	.................*..	1	19.6	0.666666667	chrXIV	519831	519853	-	exon:YNL054W-A/YNL054W-B
 target67_chrX_478678:478828	41rev	TACTGCGGAAACTGTGATTGTGG	TACTGCGGAAACTGTGAATGTGG	.................*..	1	19.6	0.666666667	chrXIV	101835	101857	+	exon:YNL284C-B/YNL284C-A
 target67_chrX_478678:478828	5rev	TACATAGGCGACATTTGATAAGG	TACATAGGCGACATTTGATAAGG	....................	0	100.0	1.0	chrX	478683	478705	-	exon:YJR028W/YJR029W
 target67_chrX_478678:478828	5rev	TACATAGGCGACATTTGATAAGG	TACATAGGCGACATTTGATAAGG	....................	0	100.0	1.0	chrXII	481240	481262	+	exon:YLR157C-B/YLR157C-A
 target67_chrX_478678:478828	5rev	TACATAGGCGACATTTGATAAGG	TACATAGGCGACATTTGATAAGG	....................	0	100.0	1.0	chrXV	595451	595473	-	exon:YOR142W-A/YOR142W-B
 target67_chrX_478678:478828	5rev	TACATAGGCGACATTTGATAAGG	TACATAGGCGACATTTGATAAGG	....................	0	100.0	1.0	chrXVI	855896	855918	+	exon:YPR158C-D/YPR158C-C
 target67_chrX_478678:478828	5rev	TACATAGGCGACATTTGATAAGG	TACATAGGCGACATTTGATAAGG	....................	0	100.0	1.0	chrVII	567106	567128	+	exon:YGR038C-B/YGR038C-A
 target67_chrX_478678:478828	5rev	TACATAGGCGACATTTGATAAGG	TACATAGGCGACATTTGATAAGG	....................	0	100.0	1.0	chrXIV	101871	101893	+	exon:YNL284C-B/YNL284C-A
 target67_chrX_478678:478828	5rev	TACATAGGCGACATTTGATAAGG	TACATAGGCGACATTTGATAAGG	....................	0	100.0	1.0	chrVII	536396	536418	-	exon:YGR027W-A/YGR027W-B
 target67_chrX_478678:478828	5rev	TACATAGGCGACATTTGATAAGG	TACATAGGCGACATTTGATAAGG	....................	0	100.0	1.0	chrXIII	377964	377986	+	exon:YMR050C/YMR051C
 target67_chrX_478678:478828	5rev	TACATAGGCGACATTTGATAAGG	TACATAGGCGACATTTGATAAGG	....................	0	100.0	1.0	chrIV	991988	992010	+	exon:YDR261C-D/YDR261C-C
 target67_chrX_478678:478828	5rev	TACATAGGCGACATTTGATAAGG	TACATAGGCGACATTTGATAAGG	....................	0	100.0	1.0	chrXVI	809908	809930	+	exon:YPR137C-B/YPR137C-A
 target67_chrX_478678:478828	5rev	TACATAGGCGACATTTGATAAGG	TACATAGGCGACATTTGATAAGG	....................	0	100.0	1.0	chrIV	650765	650787	+	exon:YDR098C-B/YDR098C-A
 target67_chrX_478678:478828	5rev	TACATAGGCGACATTTGATAAGG	TACATAGGCGACATTTGATAAGG	....................	0	100.0	1.0	chrXIV	519795	519817	-	exon:YNL054W-A/YNL054W-B
 target67_chrX_478678:478828	5rev	TACATAGGCGACATTTGATAAGG	TACATAGGCGACATTTGATAAGG	....................	0	100.0	1.0	chrXII	220347	220369	+	intergenic:YLR035C-A-YLR036C
 target67_chrX_478678:478828	5rev	TACATAGGCGACATTTGATAAGG	TACATAGGCGACATTTGATAAGG	....................	0	100.0	1.0	chrXV	118339	118361	-	exon:YOL103W-A/YOL103W-B
 target67_chrX_478678:478828	5rev	TACATAGGCGACATTTGATAAGG	TACATAGGCGACATTTGATAAGG	....................	0	100.0	1.0	chrXII	593777	593799	-	exon:YLR227W-A/YLR227W-B
 target67_chrX_478678:478828	5rev	TACATAGGCGACATTTGATAAGG	TACATAGGCGACATTTGATAAGG	....................	0	100.0	1.0	chrV	448663	448685	+	exon:YER138C/YER137C-A
 target67_chrX_478678:478828	5rev	TACATAGGCGACATTTGATAAGG	TACATAGGCGACATTTGATAAGG	....................	0	100.0	1.0	chrIV	1096403	1096425	-	exon:YDR316W-A/YDR316W-B
 target67_chrX_478678:478828	5rev	TACATAGGCGACATTTGATAAGG	TACATAGGCGACATTTGATAAGG	....................	0	100.0	1.0	chrV	497763	497785	+	exon:YER160C/YER159C-A
 target67_chrX_478678:478828	5rev	TACATAGGCGACATTTGATAAGG	TACATAGGCGACATTTGATAAGG	....................	0	100.0	1.0	chrIV	883566	883588	+	exon:YDR210C-D/YDR210C-C
 target67_chrX_478678:478828	5rev	TACATAGGCGACATTTGATAAGG	TACATAGGCGACATTTGATAAGG	....................	0	100.0	1.0	chrXIII	184800	184822	-	exon:YML045W-A/YML045W
 target67_chrX_478678:478828	5rev	TACATAGGCGACATTTGATAAGG	TACATAGGCGACATTTGATAAGG	....................	0	100.0	1.0	chrX	473099	473121	-	exon:YJR026W/YJR027W
 target67_chrX_478678:478828	5rev	TACATAGGCGACATTTGATAAGG	TACATAGGCGACATTTGATAAGG	....................	0	100.0	1.0	chrII	260208	260230	-	exon:YBR012W-A/YBR012W-B
 target67_chrX_478678:478828	5rev	TACATAGGCGACATTTGATAAGG	TACATAGGCGACATTTGATAAGG	....................	0	100.0	1.0	chrXVI	845048	845070	-	exon:YPR158W-A/YPR158W-B
 target67_chrX_478678:478828	5rev	TACATAGGCGACATTTGATAAGG	TACATAGGCGACATTTGATAAGG	....................	0	100.0	1.0	chrI	165505	165527	+	exon:YAR010C
 target67_chrX_478678:478828	5rev	TACATAGGCGACATTTGATAAGG	TACATAGGCGACATTTGATAAGG	....................	0	100.0	1.0	chrIV	1207336	1207358	-	exon:YDR365W-A/YDR365W-B
 target67_chrX_478678:478828	5rev	TACATAGGCGACATTTGATAAGG	TACATAGGCGACATTTGATAAGG	....................	0	100.0	1.0	chrVII	822654	822676	+	exon:YGR161C-D/YGR161C-C
 target67_chrX_478678:478828	5rev	TACATAGGCGACATTTGATAAGG	TACATAGGCGACATTTGATAAGG	....................	0	100.0	1.0	chrVIII	548985	549007	+	exon:YHR214C-B/YHR214C-C
 target67_chrX_478678:478828	5rev	TACATAGGCGACATTTGATAAGG	TACATAGGCGACATTTGATAAGG	....................	0	100.0	1.0	chrXIII	196967	196989	-	exon:YML040W/YML039W
 target67_chrX_478678:478828	5rev	TACATAGGCGACATTTGATAAGG	TACATAGGCGACATTTGATAAGG	....................	0	100.0	1.0	chrXII	651456	651478	-	exon:YLR256W-A
 target67_chrX_478678:478828	5rev	TACATAGGCGACATTTGATAAGG	TACATAGGTGACATTTGATAAGG	........*...........	1	61.1	0.875	chrII	221669	221691	-	exon:YBL005W-A/YBL005W-B
 target67_chrX_478678:478828	5rev	TACATAGGCGACATTTGATAAGG	TACATAGGTGACATTTGATAAGG	........*...........	1	61.1	0.875	chrIV	803534	803556	-	exon:YDR170W-A
 target67_chrX_478678:478828	5rev	TACATAGGCGACATTTGATAAGG	TACATAGGTGACATTTGATAAGG	........*...........	1	61.1	0.875	chrXIII	362266	362288	+	exon:YMR045C/YMR046C
 target67_chrX_478678:478828	20rev	GGCCCAGGTGGAAAGTACATAGG	GGCCCAGGTGGAAAGTACATAGG	....................	0	100.0	1.0	chrV	497748	497770	+	exon:YER160C/YER159C-A
 target67_chrX_478678:478828	20rev	GGCCCAGGTGGAAAGTACATAGG	GGCCCAGGTGGAAAGTACATAGG	....................	0	100.0	1.0	chrXIII	196982	197004	-	exon:YML040W/YML039W
 target67_chrX_478678:478828	20rev	GGCCCAGGTGGAAAGTACATAGG	GGCCCAGGTGGAAAGTACATAGG	....................	0	100.0	1.0	chrXVI	855881	855903	+	exon:YPR158C-D/YPR158C-C
 target67_chrX_478678:478828	20rev	GGCCCAGGTGGAAAGTACATAGG	GGCCCAGGTGGAAAGTACATAGG	....................	0	100.0	1.0	chrIV	883551	883573	+	exon:YDR210C-D/YDR210C-C
 target67_chrX_478678:478828	20rev	GGCCCAGGTGGAAAGTACATAGG	GGCCCAGGTGGAAAGTACATAGG	....................	0	100.0	1.0	chrXIV	519810	519832	-	exon:YNL054W-A/YNL054W-B
 target67_chrX_478678:478828	20rev	GGCCCAGGTGGAAAGTACATAGG	GGCCCAGGTGGAAAGTACATAGG	....................	0	100.0	1.0	chrI	165490	165512	+	exon:YAR010C
 target67_chrX_478678:478828	20rev	GGCCCAGGTGGAAAGTACATAGG	GGCCCAGGTGGAAAGTACATAGG	....................	0	100.0	1.0	chrVII	567091	567113	+	exon:YGR038C-B/YGR038C-A
 target67_chrX_478678:478828	20rev	GGCCCAGGTGGAAAGTACATAGG	GGCCCAGGTGGAAAGTACATAGG	....................	0	100.0	1.0	chrXIV	101856	101878	+	exon:YNL284C-B/YNL284C-A
 target67_chrX_478678:478828	20rev	GGCCCAGGTGGAAAGTACATAGG	GGCCCAGGTGGAAAGTACATAGG	....................	0	100.0	1.0	chrVII	536411	536433	-	exon:YGR027W-A/YGR027W-B
 target67_chrX_478678:478828	20rev	GGCCCAGGTGGAAAGTACATAGG	GGCCCAGGTGGAAAGTACATAGG	....................	0	100.0	1.0	chrIV	991973	991995	+	exon:YDR261C-D/YDR261C-C
 target67_chrX_478678:478828	20rev	GGCCCAGGTGGAAAGTACATAGG	GGCCCAGGTGGAAAGTACATAGG	....................	0	100.0	1.0	chrV	448648	448670	+	exon:YER138C/YER137C-A
 target67_chrX_478678:478828	20rev	GGCCCAGGTGGAAAGTACATAGG	GGCCCAGGTGGAAAGTACATAGG	....................	0	100.0	1.0	chrXII	481225	481247	+	exon:YLR157C-B/YLR157C-A
 target67_chrX_478678:478828	20rev	GGCCCAGGTGGAAAGTACATAGG	GGCCCAGGTGGAAAGTACATAGG	....................	0	100.0	1.0	chrXVI	845063	845085	-	exon:YPR158W-A/YPR158W-B
 target67_chrX_478678:478828	20rev	GGCCCAGGTGGAAAGTACATAGG	GGCCCAGGTGGAAAGTACATAGG	....................	0	100.0	1.0	chrVII	822639	822661	+	exon:YGR161C-D/YGR161C-C
 target67_chrX_478678:478828	20rev	GGCCCAGGTGGAAAGTACATAGG	GGCCCAGGTGGAAAGTACATAGG	....................	0	100.0	1.0	chrXVI	809893	809915	+	exon:YPR137C-B/YPR137C-A
 target67_chrX_478678:478828	20rev	GGCCCAGGTGGAAAGTACATAGG	GGCCCAGGTGGAAAGTACATAGG	....................	0	100.0	1.0	chrXII	593792	593814	-	exon:YLR227W-A/YLR227W-B
 target67_chrX_478678:478828	20rev	GGCCCAGGTGGAAAGTACATAGG	GGCCCAGGTGGAAAGTACATAGG	....................	0	100.0	1.0	chrXIII	184815	184837	-	exon:YML045W-A/YML045W
 target67_chrX_478678:478828	20rev	GGCCCAGGTGGAAAGTACATAGG	GGCCCAGGTGGAAAGTACATAGG	....................	0	100.0	1.0	chrXII	220332	220354	+	intergenic:YLR035C-A-YLR036C
 target67_chrX_478678:478828	20rev	GGCCCAGGTGGAAAGTACATAGG	GGCCCAGGTGGAAAGTACATAGG	....................	0	100.0	1.0	chrXVI	57102	57124	-	exon:YPL257W-A/YPL257W-B
 target67_chrX_478678:478828	20rev	GGCCCAGGTGGAAAGTACATAGG	GGCCCAGGTGGAAAGTACATAGG	....................	0	100.0	1.0	chrX	478698	478720	-	exon:YJR028W/YJR029W
 target67_chrX_478678:478828	20rev	GGCCCAGGTGGAAAGTACATAGG	GGCCCAGGTGGAAAGTACATAGG	....................	0	100.0	1.0	chrIV	1096418	1096440	-	exon:YDR316W-A/YDR316W-B
 target67_chrX_478678:478828	20rev	GGCCCAGGTGGAAAGTACATAGG	GGCCCAGGTGGAAAGTACATAGG	....................	0	100.0	1.0	chrII	260223	260245	-	exon:YBR012W-A/YBR012W-B
 target67_chrX_478678:478828	20rev	GGCCCAGGTGGAAAGTACATAGG	GGCCCAGGTGGAAAGTACATAGG	....................	0	100.0	1.0	chrX	473114	473136	-	exon:YJR026W/YJR027W
 target67_chrX_478678:478828	20rev	GGCCCAGGTGGAAAGTACATAGG	GGCCCAGGTGGAAAGTACATAGG	....................	0	100.0	1.0	chrXV	118354	118376	-	exon:YOL103W-A/YOL103W-B
 target67_chrX_478678:478828	20rev	GGCCCAGGTGGAAAGTACATAGG	GGCCCAGGTGGAAAGTACATAGG	....................	0	100.0	1.0	chrXII	651471	651493	-	exon:YLR256W-A
 target67_chrX_478678:478828	20rev	GGCCCAGGTGGAAAGTACATAGG	GGCCCAGGTGGAAAGTACATAGG	....................	0	100.0	1.0	chrXV	595466	595488	-	exon:YOR142W-A/YOR142W-B
 target67_chrX_478678:478828	20rev	GGCCCAGGTGGAAAGTACATAGG	GGCCCAGGTGGAAAGTACATAGG	....................	0	100.0	1.0	chrVIII	548970	548992	+	exon:YHR214C-B/YHR214C-C
 target67_chrX_478678:478828	20rev	GGCCCAGGTGGAAAGTACATAGG	GGCCCAGGTGGAAAGTACATAGG	....................	0	100.0	1.0	chrXIII	377949	377971	+	exon:YMR050C/YMR051C
 target67_chrX_478678:478828	20rev	GGCCCAGGTGGAAAGTACATAGG	GGCCCAGGTGGAAAGTACATAGG	....................	0	100.0	1.0	chrIV	1207351	1207373	-	exon:YDR365W-A/YDR365W-B
 target67_chrX_478678:478828	20rev	GGCCCAGGTGGAAAGTACATAGG	GCCCCAGGTGGAGCGTACATAGG	.*..........**......	3	0.171454929577	0.0967510748335	chrII	221684	221706	-	exon:YBL005W-A/YBL005W-B
 target67_chrX_478678:478828	20rev	GGCCCAGGTGGAAAGTACATAGG	GCCCCAGGTGGAGCGTACATAGG	.*..........**......	3	0.171454929577	0.0967510748335	chrXIII	362251	362273	+	exon:YMR045C/YMR046C
 target67_chrX_478678:478828	20rev	GGCCCAGGTGGAAAGTACATAGG	GCTCCAGGTGGAGCGTACATAGG	.**.........**......	4	0.0854635001582	0.066516363948	chrIV	803549	803571	-	exon:YDR170W-A
 target67_chrX_478678:478828	32rev	AACTGTGATTGTGGCCCAGGTGG	AACTGTGATTGTGGCCCAGGTGG	....................	0	100.0	1.0	chrXVI	855869	855891	+	exon:YPR158C-D/YPR158C-C
 target67_chrX_478678:478828	32rev	AACTGTGATTGTGGCCCAGGTGG	AACTGTGATTGTGGCCCAGGTGG	....................	0	100.0	1.0	chrIV	991961	991983	+	exon:YDR261C-D/YDR261C-C
 target67_chrX_478678:478828	32rev	AACTGTGATTGTGGCCCAGGTGG	AACTGTGATTGTGGCCCAGGTGG	....................	0	100.0	1.0	chrXV	595478	595500	-	exon:YOR142W-A/YOR142W-B
 target67_chrX_478678:478828	32rev	AACTGTGATTGTGGCCCAGGTGG	AACTGTGATTGTGGCCCAGGTGG	....................	0	100.0	1.0	chrXVI	845075	845097	-	exon:YPR158W-A/YPR158W-B
 target67_chrX_478678:478828	32rev	AACTGTGATTGTGGCCCAGGTGG	AACTGTGATTGTGGCCCAGGTGG	....................	0	100.0	1.0	chrV	448636	448658	+	exon:YER138C/YER137C-A
 target67_chrX_478678:478828	32rev	AACTGTGATTGTGGCCCAGGTGG	AACTGTGATTGTGGCCCAGGTGG	....................	0	100.0	1.0	chrXIII	184827	184849	-	exon:YML045W-A/YML045W
 target67_chrX_478678:478828	32rev	AACTGTGATTGTGGCCCAGGTGG	AACTGTGATTGTGGCCCAGGTGG	....................	0	100.0	1.0	chrXV	118366	118388	-	exon:YOL103W-A/YOL103W-B
 target67_chrX_478678:478828	32rev	AACTGTGATTGTGGCCCAGGTGG	AACTGTGATTGTGGCCCAGGTGG	....................	0	100.0	1.0	chrXIII	196994	197016	-	exon:YML040W/YML039W
 target67_chrX_478678:478828	32rev	AACTGTGATTGTGGCCCAGGTGG	AACTGTGATTGTGGCCCAGGTGG	....................	0	100.0	1.0	chrX	473126	473148	-	exon:YJR026W/YJR027W
 target67_chrX_478678:478828	32rev	AACTGTGATTGTGGCCCAGGTGG	AACTGTGATTGTGGCCCAGGTGG	....................	0	100.0	1.0	chrX	478710	478732	-	exon:YJR028W/YJR029W
 target67_chrX_478678:478828	32rev	AACTGTGATTGTGGCCCAGGTGG	AACTGTGATTGTGGCCCAGGTGG	....................	0	100.0	1.0	chrIV	650738	650760	+	exon:YDR098C-B/YDR098C-A
 target67_chrX_478678:478828	32rev	AACTGTGATTGTGGCCCAGGTGG	AACTGTGATTGTGGCCCAGGTGG	....................	0	100.0	1.0	chrVII	567079	567101	+	exon:YGR038C-B/YGR038C-A
 target67_chrX_478678:478828	32rev	AACTGTGATTGTGGCCCAGGTGG	AACTGTGATTGTGGCCCAGGTGG	....................	0	100.0	1.0	chrXII	593804	593826	-	exon:YLR227W-A/YLR227W-B
 target67_chrX_478678:478828	32rev	AACTGTGATTGTGGCCCAGGTGG	AACTGTGATTGTGGCCCAGGTGG	....................	0	100.0	1.0	chrVIII	548958	548980	+	exon:YHR214C-B/YHR214C-C
 target67_chrX_478678:478828	32rev	AACTGTGATTGTGGCCCAGGTGG	AACTGTGATTGTGGCCCAGGTGG	....................	0	100.0	1.0	chrXII	220320	220342	+	intergenic:YLR035C-A-YLR036C
 target67_chrX_478678:478828	32rev	AACTGTGATTGTGGCCCAGGTGG	AACTGTGATTGTGGCCCAGGTGG	....................	0	100.0	1.0	chrXII	651483	651505	-	exon:YLR256W-A
 target67_chrX_478678:478828	32rev	AACTGTGATTGTGGCCCAGGTGG	AACTGTGATTGTGGCCCAGGTGG	....................	0	100.0	1.0	chrII	260235	260257	-	exon:YBR012W-A/YBR012W-B
 target67_chrX_478678:478828	32rev	AACTGTGATTGTGGCCCAGGTGG	AACTGTGATTGTGGCCCAGGTGG	....................	0	100.0	1.0	chrV	497736	497758	+	exon:YER160C/YER159C-A
 target67_chrX_478678:478828	32rev	AACTGTGATTGTGGCCCAGGTGG	AACTGTGATTGTGGCCCAGGTGG	....................	0	100.0	1.0	chrXVI	809881	809903	+	exon:YPR137C-B/YPR137C-A
 target67_chrX_478678:478828	32rev	AACTGTGATTGTGGCCCAGGTGG	AACTGTGATTGTGGCCCAGGTGG	....................	0	100.0	1.0	chrXIII	377937	377959	+	exon:YMR050C/YMR051C
 target67_chrX_478678:478828	32rev	AACTGTGATTGTGGCCCAGGTGG	AACTGTGATTGTGGCCCAGGTGG	....................	0	100.0	1.0	chrVII	536423	536445	-	exon:YGR027W-A/YGR027W-B
 target67_chrX_478678:478828	32rev	AACTGTGATTGTGGCCCAGGTGG	AACTGTGATTGTGGCCCAGGTGG	....................	0	100.0	1.0	chrXVI	57114	57136	-	exon:YPL257W-A/YPL257W-B
 target67_chrX_478678:478828	32rev	AACTGTGATTGTGGCCCAGGTGG	AACTGTGATTGTGGCCCAGGTGG	....................	0	100.0	1.0	chrI	165478	165500	+	exon:YAR010C
 target67_chrX_478678:478828	32rev	AACTGTGATTGTGGCCCAGGTGG	AACTGTGATTGTGGCCCAGGTGG	....................	0	100.0	1.0	chrIV	883539	883561	+	exon:YDR210C-D/YDR210C-C
 target67_chrX_478678:478828	32rev	AACTGTGATTGTGGCCCAGGTGG	AACTGTGATTGTGGCCCAGGTGG	....................	0	100.0	1.0	chrIV	1096430	1096452	-	exon:YDR316W-A/YDR316W-B
 target67_chrX_478678:478828	32rev	AACTGTGATTGTGGCCCAGGTGG	AACTGTGATTGTGGCCCAGGTGG	....................	0	100.0	1.0	chrVII	822627	822649	+	exon:YGR161C-D/YGR161C-C
 target67_chrX_478678:478828	32rev	AACTGTGATTGTGGCCCAGGTGG	AACTGTGATTGTGGCCCAGGTGG	....................	0	100.0	1.0	chrIV	1207363	1207385	-	exon:YDR365W-A/YDR365W-B
 target67_chrX_478678:478828	32rev	AACTGTGATTGTGGCCCAGGTGG	AACTGTGAATGTGGCCCAGGTGG	........*...........	1	61.1	0.928571429	chrXIV	101844	101866	+	exon:YNL284C-B/YNL284C-A
 target67_chrX_478678:478828	32rev	AACTGTGATTGTGGCCCAGGTGG	AACTGTGAATGTGGCCCAGGTGG	........*...........	1	61.1	0.928571429	chrXIV	519822	519844	-	exon:YNL054W-A/YNL054W-B
 target67_chrX_478678:478828	32rev	AACTGTGATTGTGGCCCAGGTGG	AACTGTGATTGTGCCCCAGGTGG	.............*......	1	14.9	0.428571429	chrXIII	362239	362261	+	exon:YMR045C/YMR046C
 target67_chrX_478678:478828	32rev	AACTGTGATTGTGGCCCAGGTGG	AACTGTGATTGTGCCCCAGGTGG	.............*......	1	14.9	0.428571429	chrII	221696	221718	-	exon:YBL005W-A/YBL005W-B
 target67_chrX_478678:478828	32rev	AACTGTGATTGTGGCCCAGGTGG	AACTGTGATTGTGCTCCAGGTGG	.............**.....	2	0.208436263736	0.0285714287429	chrIV	803561	803583	-	exon:YDR170W-A
 target67_chrX_478678:478828	35rev	GGAAACTGTGATTGTGGCCCAGG	GGAAACTGTGATTGTGGCCCAGG	....................	0	100.0	1.0	chrXIII	377934	377956	+	exon:YMR050C/YMR051C
 target67_chrX_478678:478828	35rev	GGAAACTGTGATTGTGGCCCAGG	GGAAACTGTGATTGTGGCCCAGG	....................	0	100.0	1.0	chrIV	650735	650757	+	exon:YDR098C-B/YDR098C-A
 target67_chrX_478678:478828	35rev	GGAAACTGTGATTGTGGCCCAGG	GGAAACTGTGATTGTGGCCCAGG	....................	0	100.0	1.0	chrXIII	196997	197019	-	exon:YML040W/YML039W
 target67_chrX_478678:478828	35rev	GGAAACTGTGATTGTGGCCCAGG	GGAAACTGTGATTGTGGCCCAGG	....................	0	100.0	1.0	chrXII	651486	651508	-	exon:YLR256W-A
 target67_chrX_478678:478828	35rev	GGAAACTGTGATTGTGGCCCAGG	GGAAACTGTGATTGTGGCCCAGG	....................	0	100.0	1.0	chrI	165475	165497	+	exon:YAR010C
 target67_chrX_478678:478828	35rev	GGAAACTGTGATTGTGGCCCAGG	GGAAACTGTGATTGTGGCCCAGG	....................	0	100.0	1.0	chrVII	536426	536448	-	exon:YGR027W-A/YGR027W-B
 target67_chrX_478678:478828	35rev	GGAAACTGTGATTGTGGCCCAGG	GGAAACTGTGATTGTGGCCCAGG	....................	0	100.0	1.0	chrXVI	57117	57139	-	exon:YPL257W-A/YPL257W-B
 target67_chrX_478678:478828	35rev	GGAAACTGTGATTGTGGCCCAGG	GGAAACTGTGATTGTGGCCCAGG	....................	0	100.0	1.0	chrIV	1207366	1207388	-	exon:YDR365W-A/YDR365W-B
 target67_chrX_478678:478828	35rev	GGAAACTGTGATTGTGGCCCAGG	GGAAACTGTGATTGTGGCCCAGG	....................	0	100.0	1.0	chrXII	220317	220339	+	intergenic:YLR035C-A-YLR036C
 target67_chrX_478678:478828	35rev	GGAAACTGTGATTGTGGCCCAGG	GGAAACTGTGATTGTGGCCCAGG	....................	0	100.0	1.0	chrXII	481210	481232	+	exon:YLR157C-B/YLR157C-A
 target67_chrX_478678:478828	35rev	GGAAACTGTGATTGTGGCCCAGG	GGAAACTGTGATTGTGGCCCAGG	....................	0	100.0	1.0	chrIV	1096433	1096455	-	exon:YDR316W-A/YDR316W-B
 target67_chrX_478678:478828	35rev	GGAAACTGTGATTGTGGCCCAGG	GGAAACTGTGATTGTGGCCCAGG	....................	0	100.0	1.0	chrXII	593807	593829	-	exon:YLR227W-A/YLR227W-B
 target67_chrX_478678:478828	35rev	GGAAACTGTGATTGTGGCCCAGG	GGAAACTGTGATTGTGGCCCAGG	....................	0	100.0	1.0	chrIV	883536	883558	+	exon:YDR210C-D/YDR210C-C
 target67_chrX_478678:478828	35rev	GGAAACTGTGATTGTGGCCCAGG	GGAAACTGTGATTGTGGCCCAGG	....................	0	100.0	1.0	chrXIII	184830	184852	-	exon:YML045W-A/YML045W
 target67_chrX_478678:478828	35rev	GGAAACTGTGATTGTGGCCCAGG	GGAAACTGTGATTGTGGCCCAGG	....................	0	100.0	1.0	chrXVI	855866	855888	+	exon:YPR158C-D/YPR158C-C
 target67_chrX_478678:478828	35rev	GGAAACTGTGATTGTGGCCCAGG	GGAAACTGTGATTGTGGCCCAGG	....................	0	100.0	1.0	chrVII	822624	822646	+	exon:YGR161C-D/YGR161C-C
 target67_chrX_478678:478828	35rev	GGAAACTGTGATTGTGGCCCAGG	GGAAACTGTGATTGTGGCCCAGG	....................	0	100.0	1.0	chrX	473129	473151	-	exon:YJR026W/YJR027W
 target67_chrX_478678:478828	35rev	GGAAACTGTGATTGTGGCCCAGG	GGAAACTGTGATTGTGGCCCAGG	....................	0	100.0	1.0	chrXVI	845078	845100	-	exon:YPR158W-A/YPR158W-B
 target67_chrX_478678:478828	35rev	GGAAACTGTGATTGTGGCCCAGG	GGAAACTGTGATTGTGGCCCAGG	....................	0	100.0	1.0	chrX	478713	478735	-	exon:YJR028W/YJR029W
 target67_chrX_478678:478828	35rev	GGAAACTGTGATTGTGGCCCAGG	GGAAACTGTGATTGTGGCCCAGG	....................	0	100.0	1.0	chrXVI	809878	809900	+	exon:YPR137C-B/YPR137C-A
 target67_chrX_478678:478828	35rev	GGAAACTGTGATTGTGGCCCAGG	GGAAACTGTGATTGTGGCCCAGG	....................	0	100.0	1.0	chrII	260238	260260	-	exon:YBR012W-A/YBR012W-B
 target67_chrX_478678:478828	35rev	GGAAACTGTGATTGTGGCCCAGG	GGAAACTGTGATTGTGGCCCAGG	....................	0	100.0	1.0	chrXV	118369	118391	-	exon:YOL103W-A/YOL103W-B
 target67_chrX_478678:478828	35rev	GGAAACTGTGATTGTGGCCCAGG	GGAAACTGTGATTGTGGCCCAGG	....................	0	100.0	1.0	chrV	448633	448655	+	exon:YER138C/YER137C-A
 target67_chrX_478678:478828	35rev	GGAAACTGTGATTGTGGCCCAGG	GGAAACTGTGATTGTGGCCCAGG	....................	0	100.0	1.0	chrIV	991958	991980	+	exon:YDR261C-D/YDR261C-C
 target67_chrX_478678:478828	35rev	GGAAACTGTGATTGTGGCCCAGG	GGAAACTGTGATTGTGGCCCAGG	....................	0	100.0	1.0	chrXV	595481	595503	-	exon:YOR142W-A/YOR142W-B
 target67_chrX_478678:478828	35rev	GGAAACTGTGATTGTGGCCCAGG	GGAAACTGTGATTGTGGCCCAGG	....................	0	100.0	1.0	chrVII	567076	567098	+	exon:YGR038C-B/YGR038C-A
 target67_chrX_478678:478828	35rev	GGAAACTGTGATTGTGGCCCAGG	GGAAACTGTGATTGTGGCCCAGG	....................	0	100.0	1.0	chrV	497733	497755	+	exon:YER160C/YER159C-A
 target67_chrX_478678:478828	35rev	GGAAACTGTGATTGTGGCCCAGG	GGAAACTGTGAATGTGGCCCAGG	...........*........	1	49.2	0.8	chrXIV	519825	519847	-	exon:YNL054W-A/YNL054W-B
 target67_chrX_478678:478828	35rev	GGAAACTGTGATTGTGGCCCAGG	GGAAACTGTGAATGTGGCCCAGG	...........*........	1	49.2	0.8	chrXIV	101841	101863	+	exon:YNL284C-B/YNL284C-A
 target67_chrX_478678:478828	35rev	GGAAACTGTGATTGTGGCCCAGG	GTAAACTGTGATTGTGCCCCAGG	.*..............*...	2	5.225	0.14973262046	chrXIII	362236	362258	+	exon:YMR045C/YMR046C
 target67_chrX_478678:478828	35rev	GGAAACTGTGATTGTGGCCCAGG	GTAAACTGTGATTGTGCCCCAGG	.*..............*...	2	5.225	0.14973262046	chrII	221699	221721	-	exon:YBL005W-A/YBL005W-B
 target67_chrX_478678:478828	35rev	GGAAACTGTGATTGTGGCCCAGG	GTAAACTGTGATTGTGCTCCAGG	.*..............**..	3	0.252864197531	0.0962566846028	chrIV	803564	803586	-	exon:YDR170W-A
 target67_chrX_478678:478828	37forw	TCGCCTATGTACTTTCCACCTGG	TCGCCTATGTACTTTCCACCTGG	....................	0	100.0	1.0	chrX	473111	473133	+	exon:YJR026W/YJR027W
 target67_chrX_478678:478828	37forw	TCGCCTATGTACTTTCCACCTGG	TCGCCTATGTACTTTCCACCTGG	....................	0	100.0	1.0	chrXII	220335	220357	-	intergenic:YLR035C-A-YLR036C
 target67_chrX_478678:478828	37forw	TCGCCTATGTACTTTCCACCTGG	TCGCCTATGTACTTTCCACCTGG	....................	0	100.0	1.0	chrVII	536408	536430	+	exon:YGR027W-A/YGR027W-B
 target67_chrX_478678:478828	37forw	TCGCCTATGTACTTTCCACCTGG	TCGCCTATGTACTTTCCACCTGG	....................	0	100.0	1.0	chrXIV	101859	101881	-	exon:YNL284C-B/YNL284C-A
 target67_chrX_478678:478828	37forw	TCGCCTATGTACTTTCCACCTGG	TCGCCTATGTACTTTCCACCTGG	....................	0	100.0	1.0	chrVII	822642	822664	-	exon:YGR161C-D/YGR161C-C
 target67_chrX_478678:478828	37forw	TCGCCTATGTACTTTCCACCTGG	TCGCCTATGTACTTTCCACCTGG	....................	0	100.0	1.0	chrXIII	184812	184834	+	exon:YML045W-A/YML045W
 target67_chrX_478678:478828	37forw	TCGCCTATGTACTTTCCACCTGG	TCGCCTATGTACTTTCCACCTGG	....................	0	100.0	1.0	chrVII	567094	567116	-	exon:YGR038C-B/YGR038C-A
 target67_chrX_478678:478828	37forw	TCGCCTATGTACTTTCCACCTGG	TCGCCTATGTACTTTCCACCTGG	....................	0	100.0	1.0	chrXIII	377952	377974	-	exon:YMR050C/YMR051C
 target67_chrX_478678:478828	37forw	TCGCCTATGTACTTTCCACCTGG	TCGCCTATGTACTTTCCACCTGG	....................	0	100.0	1.0	chrXVI	809896	809918	-	exon:YPR137C-B/YPR137C-A
 target67_chrX_478678:478828	37forw	TCGCCTATGTACTTTCCACCTGG	TCGCCTATGTACTTTCCACCTGG	....................	0	100.0	1.0	chrIV	991976	991998	-	exon:YDR261C-D/YDR261C-C
 target67_chrX_478678:478828	37forw	TCGCCTATGTACTTTCCACCTGG	TCGCCTATGTACTTTCCACCTGG	....................	0	100.0	1.0	chrI	165493	165515	-	exon:YAR010C
 target67_chrX_478678:478828	37forw	TCGCCTATGTACTTTCCACCTGG	TCGCCTATGTACTTTCCACCTGG	....................	0	100.0	1.0	chrVIII	548973	548995	-	exon:YHR214C-B/YHR214C-C
 target67_chrX_478678:478828	37forw	TCGCCTATGTACTTTCCACCTGG	TCGCCTATGTACTTTCCACCTGG	....................	0	100.0	1.0	chrXIV	519807	519829	+	exon:YNL054W-A/YNL054W-B
 target67_chrX_478678:478828	37forw	TCGCCTATGTACTTTCCACCTGG	TCGCCTATGTACTTTCCACCTGG	....................	0	100.0	1.0	chrV	497751	497773	-	exon:YER160C/YER159C-A
 target67_chrX_478678:478828	37forw	TCGCCTATGTACTTTCCACCTGG	TCGCCTATGTACTTTCCACCTGG	....................	0	100.0	1.0	chrII	260220	260242	+	exon:YBR012W-A/YBR012W-B
 target67_chrX_478678:478828	37forw	TCGCCTATGTACTTTCCACCTGG	TCGCCTATGTACTTTCCACCTGG	....................	0	100.0	1.0	chrXIII	196979	197001	+	exon:YML040W/YML039W
 target67_chrX_478678:478828	37forw	TCGCCTATGTACTTTCCACCTGG	TCGCCTATGTACTTTCCACCTGG	....................	0	100.0	1.0	chrX	478695	478717	+	exon:YJR028W/YJR029W
 target67_chrX_478678:478828	37forw	TCGCCTATGTACTTTCCACCTGG	TCGCCTATGTACTTTCCACCTGG	....................	0	100.0	1.0	chrXVI	57099	57121	+	exon:YPL257W-A/YPL257W-B
 target67_chrX_478678:478828	37forw	TCGCCTATGTACTTTCCACCTGG	TCGCCTATGTACTTTCCACCTGG	....................	0	100.0	1.0	chrXII	481228	481250	-	exon:YLR157C-B/YLR157C-A
 target67_chrX_478678:478828	37forw	TCGCCTATGTACTTTCCACCTGG	TCGCCTATGTACTTTCCACCTGG	....................	0	100.0	1.0	chrIV	1207348	1207370	+	exon:YDR365W-A/YDR365W-B
 target67_chrX_478678:478828	37forw	TCGCCTATGTACTTTCCACCTGG	TCGCCTATGTACTTTCCACCTGG	....................	0	100.0	1.0	chrXVI	845060	845082	+	exon:YPR158W-A/YPR158W-B
 target67_chrX_478678:478828	37forw	TCGCCTATGTACTTTCCACCTGG	TCGCCTATGTACTTTCCACCTGG	....................	0	100.0	1.0	chrIV	1096415	1096437	+	exon:YDR316W-A/YDR316W-B
 target67_chrX_478678:478828	37forw	TCGCCTATGTACTTTCCACCTGG	TCGCCTATGTACTTTCCACCTGG	....................	0	100.0	1.0	chrXV	118351	118373	+	exon:YOL103W-A/YOL103W-B
 target67_chrX_478678:478828	37forw	TCGCCTATGTACTTTCCACCTGG	TCGCCTATGTACTTTCCACCTGG	....................	0	100.0	1.0	chrXVI	855884	855906	-	exon:YPR158C-D/YPR158C-C
 target67_chrX_478678:478828	37forw	TCGCCTATGTACTTTCCACCTGG	TCGCCTATGTACTTTCCACCTGG	....................	0	100.0	1.0	chrXII	651468	651490	+	exon:YLR256W-A
 target67_chrX_478678:478828	37forw	TCGCCTATGTACTTTCCACCTGG	TCGCCTATGTACTTTCCACCTGG	....................	0	100.0	1.0	chrIV	650753	650775	-	exon:YDR098C-B/YDR098C-A
 target67_chrX_478678:478828	37forw	TCGCCTATGTACTTTCCACCTGG	TCGCCTATGTACTTTCCACCTGG	....................	0	100.0	1.0	chrV	448651	448673	-	exon:YER138C/YER137C-A
 target67_chrX_478678:478828	37forw	TCGCCTATGTACTTTCCACCTGG	TCGCCTATGTACTTTCCACCTGG	....................	0	100.0	1.0	chrXII	593789	593811	+	exon:YLR227W-A/YLR227W-B
 target67_chrX_478678:478828	37forw	TCGCCTATGTACTTTCCACCTGG	TCGCCTATGTACTTTCCACCTGG	....................	0	100.0	1.0	chrXV	595463	595485	+	exon:YOR142W-A/YOR142W-B
 target67_chrX_478678:478828	37forw	TCGCCTATGTACTTTCCACCTGG	TCACCTATGTACGCTCCACCTGG	..*.........**......	3	0.160038317333	0.0559006211273	chrIV	803546	803568	+	exon:YDR170W-A
 target67_chrX_478678:478828	37forw	TCGCCTATGTACTTTCCACCTGG	TCACCTATGTACGCTCCACCTGG	..*.........**......	3	0.160038317333	0.0559006211273	chrXIII	362254	362276	-	exon:YMR045C/YMR046C
 target67_chrX_478678:478828	37forw	TCGCCTATGTACTTTCCACCTGG	TCACCTATGTACGCTCCACCTGG	..*.........**......	3	0.160038317333	0.0559006211273	chrII	221681	221703	+	exon:YBL005W-A/YBL005W-B
 target67_chrX_478678:478828	38forw	CGCCTATGTACTTTCCACCTGGG	CGCCTATGTACTTTCCACCTGGG	....................	0	100.0	1.0	chrVII	567093	567115	-	exon:YGR038C-B/YGR038C-A
 target67_chrX_478678:478828	38forw	CGCCTATGTACTTTCCACCTGGG	CGCCTATGTACTTTCCACCTGGG	....................	0	100.0	1.0	chrV	497750	497772	-	exon:YER160C/YER159C-A
 target67_chrX_478678:478828	38forw	CGCCTATGTACTTTCCACCTGGG	CGCCTATGTACTTTCCACCTGGG	....................	0	100.0	1.0	chrVIII	548972	548994	-	exon:YHR214C-B/YHR214C-C
 target67_chrX_478678:478828	38forw	CGCCTATGTACTTTCCACCTGGG	CGCCTATGTACTTTCCACCTGGG	....................	0	100.0	1.0	chrIV	991975	991997	-	exon:YDR261C-D/YDR261C-C
 target67_chrX_478678:478828	38forw	CGCCTATGTACTTTCCACCTGGG	CGCCTATGTACTTTCCACCTGGG	....................	0	100.0	1.0	chrXIV	519808	519830	+	exon:YNL054W-A/YNL054W-B
 target67_chrX_478678:478828	38forw	CGCCTATGTACTTTCCACCTGGG	CGCCTATGTACTTTCCACCTGGG	....................	0	100.0	1.0	chrXII	593790	593812	+	exon:YLR227W-A/YLR227W-B
 target67_chrX_478678:478828	38forw	CGCCTATGTACTTTCCACCTGGG	CGCCTATGTACTTTCCACCTGGG	....................	0	100.0	1.0	chrXII	220334	220356	-	intergenic:YLR035C-A-YLR036C
 target67_chrX_478678:478828	38forw	CGCCTATGTACTTTCCACCTGGG	CGCCTATGTACTTTCCACCTGGG	....................	0	100.0	1.0	chrIV	1096416	1096438	+	exon:YDR316W-A/YDR316W-B
 target67_chrX_478678:478828	38forw	CGCCTATGTACTTTCCACCTGGG	CGCCTATGTACTTTCCACCTGGG	....................	0	100.0	1.0	chrX	478696	478718	+	exon:YJR028W/YJR029W
 target67_chrX_478678:478828	38forw	CGCCTATGTACTTTCCACCTGGG	CGCCTATGTACTTTCCACCTGGG	....................	0	100.0	1.0	chrXIV	101858	101880	-	exon:YNL284C-B/YNL284C-A
 target67_chrX_478678:478828	38forw	CGCCTATGTACTTTCCACCTGGG	CGCCTATGTACTTTCCACCTGGG	....................	0	100.0	1.0	chrXVI	845061	845083	+	exon:YPR158W-A/YPR158W-B
 target67_chrX_478678:478828	38forw	CGCCTATGTACTTTCCACCTGGG	CGCCTATGTACTTTCCACCTGGG	....................	0	100.0	1.0	chrI	165492	165514	-	exon:YAR010C
 target67_chrX_478678:478828	38forw	CGCCTATGTACTTTCCACCTGGG	CGCCTATGTACTTTCCACCTGGG	....................	0	100.0	1.0	chrXIII	377951	377973	-	exon:YMR050C/YMR051C
 target67_chrX_478678:478828	38forw	CGCCTATGTACTTTCCACCTGGG	CGCCTATGTACTTTCCACCTGGG	....................	0	100.0	1.0	chrV	448650	448672	-	exon:YER138C/YER137C-A
 target67_chrX_478678:478828	38forw	CGCCTATGTACTTTCCACCTGGG	CGCCTATGTACTTTCCACCTGGG	....................	0	100.0	1.0	chrXII	651469	651491	+	exon:YLR256W-A
 target67_chrX_478678:478828	38forw	CGCCTATGTACTTTCCACCTGGG	CGCCTATGTACTTTCCACCTGGG	....................	0	100.0	1.0	chrVII	822641	822663	-	exon:YGR161C-D/YGR161C-C
 target67_chrX_478678:478828	38forw	CGCCTATGTACTTTCCACCTGGG	CGCCTATGTACTTTCCACCTGGG	....................	0	100.0	1.0	chrX	473112	473134	+	exon:YJR026W/YJR027W
 target67_chrX_478678:478828	38forw	CGCCTATGTACTTTCCACCTGGG	CGCCTATGTACTTTCCACCTGGG	....................	0	100.0	1.0	chrIV	1207349	1207371	+	exon:YDR365W-A/YDR365W-B
 target67_chrX_478678:478828	38forw	CGCCTATGTACTTTCCACCTGGG	CGCCTATGTACTTTCCACCTGGG	....................	0	100.0	1.0	chrVII	536409	536431	+	exon:YGR027W-A/YGR027W-B
 target67_chrX_478678:478828	38forw	CGCCTATGTACTTTCCACCTGGG	CGCCTATGTACTTTCCACCTGGG	....................	0	100.0	1.0	chrIV	650752	650774	-	exon:YDR098C-B/YDR098C-A
 target67_chrX_478678:478828	38forw	CGCCTATGTACTTTCCACCTGGG	CGCCTATGTACTTTCCACCTGGG	....................	0	100.0	1.0	chrXVI	57100	57122	+	exon:YPL257W-A/YPL257W-B
 target67_chrX_478678:478828	38forw	CGCCTATGTACTTTCCACCTGGG	CGCCTATGTACTTTCCACCTGGG	....................	0	100.0	1.0	chrIV	883553	883575	-	exon:YDR210C-D/YDR210C-C
 target67_chrX_478678:478828	38forw	CGCCTATGTACTTTCCACCTGGG	CGCCTATGTACTTTCCACCTGGG	....................	0	100.0	1.0	chrXVI	855883	855905	-	exon:YPR158C-D/YPR158C-C
 target67_chrX_478678:478828	38forw	CGCCTATGTACTTTCCACCTGGG	CGCCTATGTACTTTCCACCTGGG	....................	0	100.0	1.0	chrXIII	196980	197002	+	exon:YML040W/YML039W
 target67_chrX_478678:478828	38forw	CGCCTATGTACTTTCCACCTGGG	CGCCTATGTACTTTCCACCTGGG	....................	0	100.0	1.0	chrXV	595464	595486	+	exon:YOR142W-A/YOR142W-B
 target67_chrX_478678:478828	38forw	CGCCTATGTACTTTCCACCTGGG	CGCCTATGTACTTTCCACCTGGG	....................	0	100.0	1.0	chrXII	481227	481249	-	exon:YLR157C-B/YLR157C-A
 target67_chrX_478678:478828	38forw	CGCCTATGTACTTTCCACCTGGG	CGCCTATGTACTTTCCACCTGGG	....................	0	100.0	1.0	chrII	260221	260243	+	exon:YBR012W-A/YBR012W-B
 target67_chrX_478678:478828	38forw	CGCCTATGTACTTTCCACCTGGG	CGCCTATGTACTTTCCACCTGGG	....................	0	100.0	1.0	chrXIII	184813	184835	+	exon:YML045W-A/YML045W
 target67_chrX_478678:478828	38forw	CGCCTATGTACTTTCCACCTGGG	CGCCTATGTACTTTCCACCTGGG	....................	0	100.0	1.0	chrXV	118352	118374	+	exon:YOL103W-A/YOL103W-B
 target67_chrX_478678:478828	38forw	CGCCTATGTACTTTCCACCTGGG	CACCTATGTACGCTCCACCTGGG	.*.........**.......	3	0.535952	0.334008097016	chrII	221682	221704	+	exon:YBL005W-A/YBL005W-B
 target67_chrX_478678:478828	38forw	CGCCTATGTACTTTCCACCTGGG	CACCTATGTACGCTCCACCTGGG	.*.........**.......	3	0.535952	0.334008097016	chrXIII	362253	362275	-	exon:YMR045C/YMR046C
 target67_chrX_478678:478828	38forw	CGCCTATGTACTTTCCACCTGGG	CGCATATGTACTTGCCACAGCGG	...*.........*....**	4	0.03098883375	0.0	chrIV	105298	105320	+	exon:ASF2
 target67_chrX_478678:478828	56rev	CCAACTGATGATGGATACTGCGG	CCAACTGATGATGGATACTGCGG	....................	0	100.0	1.0	chrXIII	184851	184873	-	exon:YML045W-A/YML045W
 target67_chrX_478678:478828	56rev	CCAACTGATGATGGATACTGCGG	CCAACTGATGATGGATACTGCGG	....................	0	100.0	1.0	chrXV	118390	118412	-	exon:YOL103W-A/YOL103W-B
 target67_chrX_478678:478828	56rev	CCAACTGATGATGGATACTGCGG	CCAACTGATGATGGATACTGCGG	....................	0	100.0	1.0	chrXIV	519846	519868	-	exon:YNL054W-A/YNL054W-B
 target67_chrX_478678:478828	56rev	CCAACTGATGATGGATACTGCGG	CCAACTGATGATGGATACTGCGG	....................	0	100.0	1.0	chrXV	595502	595524	-	exon:YOR142W-A/YOR142W-B
 target67_chrX_478678:478828	56rev	CCAACTGATGATGGATACTGCGG	CCAACTGATGATGGATACTGCGG	....................	0	100.0	1.0	chrIV	650714	650736	+	exon:YDR098C-B/YDR098C-A
 target67_chrX_478678:478828	56rev	CCAACTGATGATGGATACTGCGG	CCAACTGATGATGGATACTGCGG	....................	0	100.0	1.0	chrV	497712	497734	+	exon:YER160C/YER159C-A
 target67_chrX_478678:478828	56rev	CCAACTGATGATGGATACTGCGG	CCAACTGATGATGGATACTGCGG	....................	0	100.0	1.0	chrXII	651507	651529	-	exon:YLR256W-A
 target67_chrX_478678:478828	56rev	CCAACTGATGATGGATACTGCGG	CCAACTGATGATGGATACTGCGG	....................	0	100.0	1.0	chrXIV	101820	101842	+	exon:YNL284C-B/YNL284C-A
 target67_chrX_478678:478828	56rev	CCAACTGATGATGGATACTGCGG	CCAACTGATGATGGATACTGCGG	....................	0	100.0	1.0	chrXVI	57138	57160	-	exon:YPL257W-A/YPL257W-B
 target67_chrX_478678:478828	56rev	CCAACTGATGATGGATACTGCGG	CCAACTGATGATGGATACTGCGG	....................	0	100.0	1.0	chrXVI	845099	845121	-	exon:YPR158W-A/YPR158W-B
 target67_chrX_478678:478828	56rev	CCAACTGATGATGGATACTGCGG	CCAACTGATGATGGATACTGCGG	....................	0	100.0	1.0	chrXVI	809857	809879	+	exon:YPR137C-B/YPR137C-A
 target67_chrX_478678:478828	56rev	CCAACTGATGATGGATACTGCGG	CCAACTGATGATGGATACTGCGG	....................	0	100.0	1.0	chrXII	220296	220318	+	intergenic:YLR035C-A-YLR036C
 target67_chrX_478678:478828	56rev	CCAACTGATGATGGATACTGCGG	CCAACTGATGATGGATACTGCGG	....................	0	100.0	1.0	chrIV	991937	991959	+	exon:YDR261C-D/YDR261C-C
 target67_chrX_478678:478828	56rev	CCAACTGATGATGGATACTGCGG	CCAACTGATGATGGATACTGCGG	....................	0	100.0	1.0	chrI	165454	165476	+	exon:YAR010C
 target67_chrX_478678:478828	56rev	CCAACTGATGATGGATACTGCGG	CCAACTGATGATGGATACTGCGG	....................	0	100.0	1.0	chrIV	1207387	1207409	-	exon:YDR365W-A/YDR365W-B
 target67_chrX_478678:478828	56rev	CCAACTGATGATGGATACTGCGG	CCAACTGATGATGGATACTGCGG	....................	0	100.0	1.0	chrVIII	548934	548956	+	exon:YHR214C-B/YHR214C-C
 target67_chrX_478678:478828	56rev	CCAACTGATGATGGATACTGCGG	CCAACTGATGATGGATACTGCGG	....................	0	100.0	1.0	chrX	478734	478756	-	exon:YJR028W/YJR029W
 target67_chrX_478678:478828	56rev	CCAACTGATGATGGATACTGCGG	CCAACTGATGATGGATACTGCGG	....................	0	100.0	1.0	chrII	260259	260281	-	exon:YBR012W-A/YBR012W-B
 target67_chrX_478678:478828	56rev	CCAACTGATGATGGATACTGCGG	CCAACTGATGATGGATACTGCGG	....................	0	100.0	1.0	chrIV	883515	883537	+	exon:YDR210C-D/YDR210C-C
 target67_chrX_478678:478828	56rev	CCAACTGATGATGGATACTGCGG	CCAACTGATGATGGATACTGCGG	....................	0	100.0	1.0	chrVII	822603	822625	+	exon:YGR161C-D/YGR161C-C
 target67_chrX_478678:478828	56rev	CCAACTGATGATGGATACTGCGG	CCAACTGATGATGGATACTGCGG	....................	0	100.0	1.0	chrVII	567055	567077	+	exon:YGR038C-B/YGR038C-A
 target67_chrX_478678:478828	56rev	CCAACTGATGATGGATACTGCGG	CCAACTGATGATGGATACTGCGG	....................	0	100.0	1.0	chrXII	593828	593850	-	exon:YLR227W-A/YLR227W-B
 target67_chrX_478678:478828	56rev	CCAACTGATGATGGATACTGCGG	CCAACTGATGATGGATACTGCGG	....................	0	100.0	1.0	chrVII	536447	536469	-	exon:YGR027W-A/YGR027W-B
 target67_chrX_478678:478828	56rev	CCAACTGATGATGGATACTGCGG	CCAACTGATGATGGATACTGCGG	....................	0	100.0	1.0	chrXVI	855845	855867	+	exon:YPR158C-D/YPR158C-C
 target67_chrX_478678:478828	56rev	CCAACTGATGATGGATACTGCGG	CCAACTGATGATGGATACTGCGG	....................	0	100.0	1.0	chrXIII	197018	197040	-	exon:YML040W/YML039W
 target67_chrX_478678:478828	56rev	CCAACTGATGATGGATACTGCGG	CCAACTGATGATGGATACTGCGG	....................	0	100.0	1.0	chrX	473150	473172	-	exon:YJR026W/YJR027W
 target67_chrX_478678:478828	56rev	CCAACTGATGATGGATACTGCGG	CCAACTGATGATGGATACTGCGG	....................	0	100.0	1.0	chrV	448612	448634	+	exon:YER138C/YER137C-A
 target67_chrX_478678:478828	56rev	CCAACTGATGATGGATACTGCGG	CCAACTGATGATGGATACTGCGG	....................	0	100.0	1.0	chrXII	481189	481211	+	exon:YLR157C-B/YLR157C-A
 target67_chrX_478678:478828	56rev	CCAACTGATGATGGATACTGCGG	CCAACTGATGATGGATACTGCGG	....................	0	100.0	1.0	chrXIII	377913	377935	+	exon:YMR050C/YMR051C
 target67_chrX_478678:478828	56rev	CCAACTGATGATGGATACTGCGG	CTAACTAATGATGGATTCTTAGG	.*....*.........*..*	4	0.183397224032	0.0848484846279	chrXVI	122346	122368	-	exon:NEW1
 target67_chrX_478678:478828	65rev	AGAGGCGTTCCAACTGATGATGG	AGAGGCGTTCCAACTGATGATGG	....................	0	100.0	1.0	chrXIV	101811	101833	+	exon:YNL284C-B/YNL284C-A
 target67_chrX_478678:478828	65rev	AGAGGCGTTCCAACTGATGATGG	AGAGGCGTTCCAACTGATGATGG	....................	0	100.0	1.0	chrXIII	377904	377926	+	exon:YMR050C/YMR051C
 target67_chrX_478678:478828	65rev	AGAGGCGTTCCAACTGATGATGG	AGAGGCGTTCCAACTGATGATGG	....................	0	100.0	1.0	chrXII	651516	651538	-	exon:YLR256W-A
 target67_chrX_478678:478828	65rev	AGAGGCGTTCCAACTGATGATGG	AGAGGCGTTCCAACTGATGATGG	....................	0	100.0	1.0	chrVII	536456	536478	-	exon:YGR027W-A/YGR027W-B
 target67_chrX_478678:478828	65rev	AGAGGCGTTCCAACTGATGATGG	AGAGGCGTTCCAACTGATGATGG	....................	0	100.0	1.0	chrXIV	519855	519877	-	exon:YNL054W-A/YNL054W-B
 target67_chrX_478678:478828	65rev	AGAGGCGTTCCAACTGATGATGG	AGAGGCGTTCCAACTGATGATGG	....................	0	100.0	1.0	chrXVI	855836	855858	+	exon:YPR158C-D/YPR158C-C
 target67_chrX_478678:478828	65rev	AGAGGCGTTCCAACTGATGATGG	AGAGGCGTTCCAACTGATGATGG	....................	0	100.0	1.0	chrXIII	197027	197049	-	exon:YML040W/YML039W
 target67_chrX_478678:478828	65rev	AGAGGCGTTCCAACTGATGATGG	AGAGGCGTTCCAACTGATGATGG	....................	0	100.0	1.0	chrXV	118399	118421	-	exon:YOL103W-A/YOL103W-B
 target67_chrX_478678:478828	65rev	AGAGGCGTTCCAACTGATGATGG	AGAGGCGTTCCAACTGATGATGG	....................	0	100.0	1.0	chrIV	991928	991950	+	exon:YDR261C-D/YDR261C-C
 target67_chrX_478678:478828	65rev	AGAGGCGTTCCAACTGATGATGG	AGAGGCGTTCCAACTGATGATGG	....................	0	100.0	1.0	chrV	448603	448625	+	exon:YER138C/YER137C-A
 target67_chrX_478678:478828	65rev	AGAGGCGTTCCAACTGATGATGG	AGAGGCGTTCCAACTGATGATGG	....................	0	100.0	1.0	chrII	260268	260290	-	exon:YBR012W-A/YBR012W-B
 target67_chrX_478678:478828	65rev	AGAGGCGTTCCAACTGATGATGG	AGAGGCGTTCCAACTGATGATGG	....................	0	100.0	1.0	chrXII	593837	593859	-	exon:YLR227W-A/YLR227W-B
 target67_chrX_478678:478828	65rev	AGAGGCGTTCCAACTGATGATGG	AGAGGCGTTCCAACTGATGATGG	....................	0	100.0	1.0	chrX	473159	473181	-	exon:YJR026W/YJR027W
 target67_chrX_478678:478828	65rev	AGAGGCGTTCCAACTGATGATGG	AGAGGCGTTCCAACTGATGATGG	....................	0	100.0	1.0	chrXII	220287	220309	+	intergenic:YLR035C-A-YLR036C
 target67_chrX_478678:478828	65rev	AGAGGCGTTCCAACTGATGATGG	AGAGGCGTTCCAACTGATGATGG	....................	0	100.0	1.0	chrX	478743	478765	-	exon:YJR028W/YJR029W
 target67_chrX_478678:478828	65rev	AGAGGCGTTCCAACTGATGATGG	AGAGGCGTTCCAACTGATGATGG	....................	0	100.0	1.0	chrIV	1096463	1096485	-	exon:YDR316W-A/YDR316W-B
 target67_chrX_478678:478828	65rev	AGAGGCGTTCCAACTGATGATGG	AGAGGCGTTCCAACTGATGATGG	....................	0	100.0	1.0	chrVIII	548925	548947	+	exon:YHR214C-B/YHR214C-C
 target67_chrX_478678:478828	65rev	AGAGGCGTTCCAACTGATGATGG	AGAGGCGTTCCAACTGATGATGG	....................	0	100.0	1.0	chrVII	822594	822616	+	exon:YGR161C-D/YGR161C-C
 target67_chrX_478678:478828	65rev	AGAGGCGTTCCAACTGATGATGG	AGAGGCGTTCCAACTGATGATGG	....................	0	100.0	1.0	chrV	497703	497725	+	exon:YER160C/YER159C-A
 target67_chrX_478678:478828	65rev	AGAGGCGTTCCAACTGATGATGG	AGAGGCGTTCCAACTGATGATGG	....................	0	100.0	1.0	chrIV	650705	650727	+	exon:YDR098C-B/YDR098C-A
 target67_chrX_478678:478828	65rev	AGAGGCGTTCCAACTGATGATGG	AGAGGCGTTCCAACTGATGATGG	....................	0	100.0	1.0	chrXV	595511	595533	-	exon:YOR142W-A/YOR142W-B
 target67_chrX_478678:478828	65rev	AGAGGCGTTCCAACTGATGATGG	AGAGGCGTTCCAACTGATGATGG	....................	0	100.0	1.0	chrXVI	57147	57169	-	exon:YPL257W-A/YPL257W-B
 target67_chrX_478678:478828	65rev	AGAGGCGTTCCAACTGATGATGG	AGAGGCGTTCCAACTGATGATGG	....................	0	100.0	1.0	chrXVI	845108	845130	-	exon:YPR158W-A/YPR158W-B
 target67_chrX_478678:478828	65rev	AGAGGCGTTCCAACTGATGATGG	AGAGGCGTTCCAACTGATGATGG	....................	0	100.0	1.0	chrI	165445	165467	+	exon:YAR010C
 target67_chrX_478678:478828	65rev	AGAGGCGTTCCAACTGATGATGG	AGAGGCGTTCCAACTGATGATGG	....................	0	100.0	1.0	chrVII	567046	567068	+	exon:YGR038C-B/YGR038C-A
 target67_chrX_478678:478828	65rev	AGAGGCGTTCCAACTGATGATGG	AGAGGCGTTCCAACTGATGATGG	....................	0	100.0	1.0	chrXIII	184860	184882	-	exon:YML045W-A/YML045W
 target67_chrX_478678:478828	65rev	AGAGGCGTTCCAACTGATGATGG	AGAGGCGTTCCAACTGATGATGG	....................	0	100.0	1.0	chrIV	883506	883528	+	exon:YDR210C-D/YDR210C-C
 target67_chrX_478678:478828	65rev	AGAGGCGTTCCAACTGATGATGG	AGAGGCGTTCCAACTGATGATGG	....................	0	100.0	1.0	chrXVI	809848	809870	+	exon:YPR137C-B/YPR137C-A
 target67_chrX_478678:478828	65rev	AGAGGCGTTCCAACTGATGATGG	AGAGGCGTTCCAACTGATGATGG	....................	0	100.0	1.0	chrXII	481180	481202	+	exon:YLR157C-B/YLR157C-A
 target67_chrX_478678:478828	76forw	CCGCAGTATCCATCATCAGTTGG	CCGCAGTATCCATCATCAGTTGG	....................	0	100.0	1.0	chrXII	593828	593850	+	exon:YLR227W-A/YLR227W-B
 target67_chrX_478678:478828	76forw	CCGCAGTATCCATCATCAGTTGG	CCGCAGTATCCATCATCAGTTGG	....................	0	100.0	1.0	chrVII	567055	567077	-	exon:YGR038C-B/YGR038C-A
 target67_chrX_478678:478828	76forw	CCGCAGTATCCATCATCAGTTGG	CCGCAGTATCCATCATCAGTTGG	....................	0	100.0	1.0	chrXII	651507	651529	+	exon:YLR256W-A
 target67_chrX_478678:478828	76forw	CCGCAGTATCCATCATCAGTTGG	CCGCAGTATCCATCATCAGTTGG	....................	0	100.0	1.0	chrXVI	845099	845121	+	exon:YPR158W-A/YPR158W-B
 target67_chrX_478678:478828	76forw	CCGCAGTATCCATCATCAGTTGG	CCGCAGTATCCATCATCAGTTGG	....................	0	100.0	1.0	chrXII	481189	481211	-	exon:YLR157C-B/YLR157C-A
 target67_chrX_478678:478828	76forw	CCGCAGTATCCATCATCAGTTGG	CCGCAGTATCCATCATCAGTTGG	....................	0	100.0	1.0	chrXII	220296	220318	-	intergenic:YLR035C-A-YLR036C
 target67_chrX_478678:478828	76forw	CCGCAGTATCCATCATCAGTTGG	CCGCAGTATCCATCATCAGTTGG	....................	0	100.0	1.0	chrIV	1207387	1207409	+	exon:YDR365W-A/YDR365W-B
 target67_chrX_478678:478828	76forw	CCGCAGTATCCATCATCAGTTGG	CCGCAGTATCCATCATCAGTTGG	....................	0	100.0	1.0	chrI	165454	165476	-	exon:YAR010C
 target67_chrX_478678:478828	76forw	CCGCAGTATCCATCATCAGTTGG	CCGCAGTATCCATCATCAGTTGG	....................	0	100.0	1.0	chrIV	883515	883537	-	exon:YDR210C-D/YDR210C-C
 target67_chrX_478678:478828	76forw	CCGCAGTATCCATCATCAGTTGG	CCGCAGTATCCATCATCAGTTGG	....................	0	100.0	1.0	chrVII	536447	536469	+	exon:YGR027W-A/YGR027W-B
 target67_chrX_478678:478828	76forw	CCGCAGTATCCATCATCAGTTGG	CCGCAGTATCCATCATCAGTTGG	....................	0	100.0	1.0	chrVII	822603	822625	-	exon:YGR161C-D/YGR161C-C
 target67_chrX_478678:478828	76forw	CCGCAGTATCCATCATCAGTTGG	CCGCAGTATCCATCATCAGTTGG	....................	0	100.0	1.0	chrX	473150	473172	+	exon:YJR026W/YJR027W
 target67_chrX_478678:478828	76forw	CCGCAGTATCCATCATCAGTTGG	CCGCAGTATCCATCATCAGTTGG	....................	0	100.0	1.0	chrIV	991937	991959	-	exon:YDR261C-D/YDR261C-C
 target67_chrX_478678:478828	76forw	CCGCAGTATCCATCATCAGTTGG	CCGCAGTATCCATCATCAGTTGG	....................	0	100.0	1.0	chrIV	650714	650736	-	exon:YDR098C-B/YDR098C-A
 target67_chrX_478678:478828	76forw	CCGCAGTATCCATCATCAGTTGG	CCGCAGTATCCATCATCAGTTGG	....................	0	100.0	1.0	chrV	497712	497734	-	exon:YER160C/YER159C-A
 target67_chrX_478678:478828	76forw	CCGCAGTATCCATCATCAGTTGG	CCGCAGTATCCATCATCAGTTGG	....................	0	100.0	1.0	chrX	478734	478756	+	exon:YJR028W/YJR029W
 target67_chrX_478678:478828	76forw	CCGCAGTATCCATCATCAGTTGG	CCGCAGTATCCATCATCAGTTGG	....................	0	100.0	1.0	chrXVI	809857	809879	-	exon:YPR137C-B/YPR137C-A
 target67_chrX_478678:478828	76forw	CCGCAGTATCCATCATCAGTTGG	CCGCAGTATCCATCATCAGTTGG	....................	0	100.0	1.0	chrXIV	519846	519868	+	exon:YNL054W-A/YNL054W-B
 target67_chrX_478678:478828	76forw	CCGCAGTATCCATCATCAGTTGG	CCGCAGTATCCATCATCAGTTGG	....................	0	100.0	1.0	chrXIII	377913	377935	-	exon:YMR050C/YMR051C
 target67_chrX_478678:478828	76forw	CCGCAGTATCCATCATCAGTTGG	CCGCAGTATCCATCATCAGTTGG	....................	0	100.0	1.0	chrV	448612	448634	-	exon:YER138C/YER137C-A
 target67_chrX_478678:478828	76forw	CCGCAGTATCCATCATCAGTTGG	CCGCAGTATCCATCATCAGTTGG	....................	0	100.0	1.0	chrVIII	548934	548956	-	exon:YHR214C-B/YHR214C-C
 target67_chrX_478678:478828	76forw	CCGCAGTATCCATCATCAGTTGG	CCGCAGTATCCATCATCAGTTGG	....................	0	100.0	1.0	chrXV	118390	118412	+	exon:YOL103W-A/YOL103W-B
 target67_chrX_478678:478828	76forw	CCGCAGTATCCATCATCAGTTGG	CCGCAGTATCCATCATCAGTTGG	....................	0	100.0	1.0	chrXIII	197018	197040	+	exon:YML040W/YML039W
 target67_chrX_478678:478828	76forw	CCGCAGTATCCATCATCAGTTGG	CCGCAGTATCCATCATCAGTTGG	....................	0	100.0	1.0	chrXVI	57138	57160	+	exon:YPL257W-A/YPL257W-B
 target67_chrX_478678:478828	76forw	CCGCAGTATCCATCATCAGTTGG	CCGCAGTATCCATCATCAGTTGG	....................	0	100.0	1.0	chrXVI	855845	855867	-	exon:YPR158C-D/YPR158C-C
 target67_chrX_478678:478828	76forw	CCGCAGTATCCATCATCAGTTGG	CCGCAGTATCCATCATCAGTTGG	....................	0	100.0	1.0	chrII	260259	260281	+	exon:YBR012W-A/YBR012W-B
 target67_chrX_478678:478828	76forw	CCGCAGTATCCATCATCAGTTGG	CCGCAGTATCCATCATCAGTTGG	....................	0	100.0	1.0	chrXIII	184851	184873	+	exon:YML045W-A/YML045W
 target67_chrX_478678:478828	76forw	CCGCAGTATCCATCATCAGTTGG	CCGCAGTATCCATCATCAGTTGG	....................	0	100.0	1.0	chrXV	595502	595524	+	exon:YOR142W-A/YOR142W-B
 target67_chrX_478678:478828	76forw	CCGCAGTATCCATCATCAGTTGG	CCGCAGTATCCATCATCAGTTGG	....................	0	100.0	1.0	chrIV	1096454	1096476	+	exon:YDR316W-A/YDR316W-B
 target67_chrX_478678:478828	83rev	TCAGGTGATGGAGTGCTCAGAGG	TCAGGTGATGGAGTGCTCAGAGG	....................	0	100.0	1.0	chrX	473177	473199	-	exon:YJR026W/YJR027W
 target67_chrX_478678:478828	83rev	TCAGGTGATGGAGTGCTCAGAGG	TCAGGTGATGGAGTGCTCAGAGG	....................	0	100.0	1.0	chrXIV	519873	519895	-	exon:YNL054W-A/YNL054W-B
 target67_chrX_478678:478828	83rev	TCAGGTGATGGAGTGCTCAGAGG	TCAGGTGATGGAGTGCTCAGAGG	....................	0	100.0	1.0	chrI	165427	165449	+	exon:YAR010C
 target67_chrX_478678:478828	83rev	TCAGGTGATGGAGTGCTCAGAGG	TCAGGTGATGGAGTGCTCAGAGG	....................	0	100.0	1.0	chrV	497685	497707	+	exon:YER160C/YER159C-A
 target67_chrX_478678:478828	83rev	TCAGGTGATGGAGTGCTCAGAGG	TCAGGTGATGGAGTGCTCAGAGG	....................	0	100.0	1.0	chrIV	1207414	1207436	-	exon:YDR365W-A/YDR365W-B
 target67_chrX_478678:478828	83rev	TCAGGTGATGGAGTGCTCAGAGG	TCAGGTGATGGAGTGCTCAGAGG	....................	0	100.0	1.0	chrXII	481162	481184	+	exon:YLR157C-B/YLR157C-A
 target67_chrX_478678:478828	83rev	TCAGGTGATGGAGTGCTCAGAGG	TCAGGTGATGGAGTGCTCAGAGG	....................	0	100.0	1.0	chrII	260286	260308	-	exon:YBR012W-A/YBR012W-B
 target67_chrX_478678:478828	83rev	TCAGGTGATGGAGTGCTCAGAGG	TCAGGTGATGGAGTGCTCAGAGG	....................	0	100.0	1.0	chrIV	1096481	1096503	-	exon:YDR316W-A/YDR316W-B
 target67_chrX_478678:478828	83rev	TCAGGTGATGGAGTGCTCAGAGG	TCAGGTGATGGAGTGCTCAGAGG	....................	0	100.0	1.0	chrX	478761	478783	-	exon:YJR028W/YJR029W
 target67_chrX_478678:478828	83rev	TCAGGTGATGGAGTGCTCAGAGG	TCAGGTGATGGAGTGCTCAGAGG	....................	0	100.0	1.0	chrVII	536474	536496	-	exon:YGR027W-A/YGR027W-B
 target67_chrX_478678:478828	83rev	TCAGGTGATGGAGTGCTCAGAGG	TCAGGTGATGGAGTGCTCAGAGG	....................	0	100.0	1.0	chrXVI	57165	57187	-	exon:YPL257W-A/YPL257W-B
 target67_chrX_478678:478828	83rev	TCAGGTGATGGAGTGCTCAGAGG	TCAGGTGATGGAGTGCTCAGAGG	....................	0	100.0	1.0	chrVIII	548907	548929	+	exon:YHR214C-B/YHR214C-C
 target67_chrX_478678:478828	83rev	TCAGGTGATGGAGTGCTCAGAGG	TCAGGTGATGGAGTGCTCAGAGG	....................	0	100.0	1.0	chrXVI	809830	809852	+	exon:YPR137C-B/YPR137C-A
 target67_chrX_478678:478828	83rev	TCAGGTGATGGAGTGCTCAGAGG	TCAGGTGATGGAGTGCTCAGAGG	....................	0	100.0	1.0	chrIV	883488	883510	+	exon:YDR210C-D/YDR210C-C
 target67_chrX_478678:478828	83rev	TCAGGTGATGGAGTGCTCAGAGG	TCAGGTGATGGAGTGCTCAGAGG	....................	0	100.0	1.0	chrXIII	197045	197067	-	exon:YML040W/YML039W
 target67_chrX_478678:478828	83rev	TCAGGTGATGGAGTGCTCAGAGG	TCAGGTGATGGAGTGCTCAGAGG	....................	0	100.0	1.0	chrXIII	184878	184900	-	exon:YML045W-A/YML045W
 target67_chrX_478678:478828	83rev	TCAGGTGATGGAGTGCTCAGAGG	TCAGGTGATGGAGTGCTCAGAGG	....................	0	100.0	1.0	chrVII	567028	567050	+	exon:YGR038C-B/YGR038C-A
 target67_chrX_478678:478828	83rev	TCAGGTGATGGAGTGCTCAGAGG	TCAGGTGATGGAGTGCTCAGAGG	....................	0	100.0	1.0	chrXVI	855818	855840	+	exon:YPR158C-D/YPR158C-C
 target67_chrX_478678:478828	83rev	TCAGGTGATGGAGTGCTCAGAGG	TCAGGTGATGGAGTGCTCAGAGG	....................	0	100.0	1.0	chrXIII	377886	377908	+	exon:YMR050C/YMR051C
 target67_chrX_478678:478828	83rev	TCAGGTGATGGAGTGCTCAGAGG	TCAGGTGATGGAGTGCTCAGAGG	....................	0	100.0	1.0	chrXII	593855	593877	-	exon:YLR227W-A/YLR227W-B
 target67_chrX_478678:478828	83rev	TCAGGTGATGGAGTGCTCAGAGG	TCAGGTGATGGAGTGCTCAGAGG	....................	0	100.0	1.0	chrXVI	845126	845148	-	exon:YPR158W-A/YPR158W-B
 target67_chrX_478678:478828	83rev	TCAGGTGATGGAGTGCTCAGAGG	TCAGGTGATGGAGTGCTCAGAGG	....................	0	100.0	1.0	chrXIV	101793	101815	+	exon:YNL284C-B/YNL284C-A
 target67_chrX_478678:478828	83rev	TCAGGTGATGGAGTGCTCAGAGG	TCAGGTGATGGAGTGCTCAGAGG	....................	0	100.0	1.0	chrXV	595529	595551	-	exon:YOR142W-A/YOR142W-B
 target67_chrX_478678:478828	83rev	TCAGGTGATGGAGTGCTCAGAGG	TCAGGTGATGGAGTGCTCAGAGG	....................	0	100.0	1.0	chrIV	991910	991932	+	exon:YDR261C-D/YDR261C-C
 target67_chrX_478678:478828	83rev	TCAGGTGATGGAGTGCTCAGAGG	TCAGGTGATGGAGTGCTCAGAGG	....................	0	100.0	1.0	chrXII	220269	220291	+	intergenic:YLR035C-A-YLR036C
 target67_chrX_478678:478828	83rev	TCAGGTGATGGAGTGCTCAGAGG	TCAGGTGATGGAGTGCTCAGAGG	....................	0	100.0	1.0	chrV	448585	448607	+	exon:YER138C/YER137C-A
 target67_chrX_478678:478828	83rev	TCAGGTGATGGAGTGCTCAGAGG	TCAGGTGATGGAGTGCTCAGAGG	....................	0	100.0	1.0	chrXV	118417	118439	-	exon:YOL103W-A/YOL103W-B
 target67_chrX_478678:478828	83rev	TCAGGTGATGGAGTGCTCAGAGG	TCAGGTGATGGAGTGCTCAGAGG	....................	0	100.0	1.0	chrIV	650687	650709	+	exon:YDR098C-B/YDR098C-A
 target67_chrX_478678:478828	83rev	TCAGGTGATGGAGTGCTCAGAGG	TCAGGTGATGGAGTGCTCAGAGG	....................	0	100.0	1.0	chrVII	822576	822598	+	exon:YGR161C-D/YGR161C-C
 target67_chrX_478678:478828	83rev	TCAGGTGATGGAGTGCTCAGAGG	ACAAGTGATGGAGTACTCAAGGG	*..*..........*....*	4	0.18691584507	0.794117647406	chrXI	573987	574009	+	exon:YKR070W
 target67_chrX_478678:478828	83rev	TCAGGTGATGGAGTGCTCAGAGG	TCAGGTGAGGAAGTACTCAGTGG	........*.*...*.....	3	0.231154305221	0.582633053431	chrVI	138609	138631	-	exon:YFL002W-B/YFL002W-A
 target67_chrX_478678:478828	83rev	TCAGGTGATGGAGTGCTCAGAGG	TCAGGTGAGGAAGTACTCAGCGG	........*.*...*.....	3	0.231154305221	0.582633053431	chrXV	970983	971005	-	exon:YOR343W-A/YOR343W-B
 target67_chrX_478678:478828	83rev	TCAGGTGATGGAGTGCTCAGAGG	TCAGGTGAGGAAGTACTCAGTGG	........*.*...*.....	3	0.231154305221	0.582633053431	chrIV	518929	518951	+	exon:YDR034C-D/YDR034C-C
 target67_chrX_478678:478828	83rev	TCAGGTGATGGAGTGCTCAGAGG	TCAGGTGAGGAAGTACTCAGTGG	........*.*...*.....	3	0.231154305221	0.582633053431	chrXIV	567273	567295	+	intergenic:tT(AGU)N2-tP(UGG)N2
 target67_chrX_478678:478828	83rev	TCAGGTGATGGAGTGCTCAGAGG	TCAGGTGAGGAAGTACTCAGTGG	........*.*...*.....	3	0.231154305221	0.582633053431	chrIII	85507	85529	-	exon:YCL020W/YCL019W
 target67_chrX_478678:478828	83rev	TCAGGTGATGGAGTGCTCAGAGG	TCAGGTGAGGAAGTACTCAGCGG	........*.*...*.....	3	0.231154305221	0.582633053431	chrXV	709305	709327	+	exon:YOR192C-B/YOR192C-A
 target67_chrX_478678:478828	83rev	TCAGGTGATGGAGTGCTCAGAGG	TCAGGTGAGGAAGTACTCAGTGG	........*.*...*.....	3	0.231154305221	0.582633053431	chrVII	812143	812165	-	exon:YGR161W-A/YGR161W-B
 target67_chrX_478678:478828	83rev	TCAGGTGATGGAGTGCTCAGAGG	TCAGGTGAGGAAGTACTCAGTGG	........*.*...*.....	3	0.231154305221	0.582633053431	chrXII	941888	941910	-	exon:YLR410W-A/YLR410W-B
 target67_chrX_478678:478828	83rev	TCAGGTGATGGAGTGCTCAGAGG	TCAGGTGAGGAAGTACTCAGCGG	........*.*...*.....	3	0.231154305221	0.582633053431	chrIV	872517	872539	-	exon:YDR210W-A/YDR210W-B
 target67_chrX_478678:478828	83rev	TCAGGTGATGGAGTGCTCAGAGG	TCAGGTGAGGAAGTACTCAGCGG	........*.*...*.....	3	0.231154305221	0.582633053431	chrXII	980982	981004	+	intergenic:tN(GUU)L-TUS1
 target67_chrX_478678:478828	83rev	TCAGGTGATGGAGTGCTCAGAGG	TCAGGTGAGGAAGTACTCAGCGG	........*.*...*.....	3	0.231154305221	0.582633053431	chrIV	981867	981889	-	exon:YDR261W-A/YDR261W-B
 target67_chrX_478678:478828	83rev	TCAGGTGATGGAGTGCTCAGAGG	TCAGGTGAGGAAGTACTCAGTGG	........*.*...*.....	3	0.231154305221	0.582633053431	chrVII	573982	574004	+	intergenic:YGR038C-B/YGR038C-A-YGR039W
 target67_chrX_478678:478828	83rev	TCAGGTGATGGAGTGCTCAGAGG	TCAGGTGAGGAAGTACTCAGCGG	........*.*...*.....	3	0.231154305221	0.582633053431	chrII	30340	30362	-	exon:YBL100W-A/YBL100W-B
 target67_chrX_478678:478828	83rev	TCAGGTGATGGAGTGCTCAGAGG	CCAGGTGATATAGTGGTCAGTGG	*........**....*....	4	0.139204545	0.0473372781764	chrIV	932815	932837	+	exon:LYS4
 target67_chrX_478678:478828	95rev	GTATTACCTGACTCAGGTGATGG	GTATTACCTGACTCAGGTGATGG	....................	0	100.0	1.0	chrXVI	855806	855828	+	exon:YPR158C-D/YPR158C-C
 target67_chrX_478678:478828	95rev	GTATTACCTGACTCAGGTGATGG	GTATTACCTGACTCAGGTGATGG	....................	0	100.0	1.0	chrVII	567016	567038	+	exon:YGR038C-B/YGR038C-A
 target67_chrX_478678:478828	95rev	GTATTACCTGACTCAGGTGATGG	GTATTACCTGACTCAGGTGATGG	....................	0	100.0	1.0	chrIV	991898	991920	+	exon:YDR261C-D/YDR261C-C
 target67_chrX_478678:478828	95rev	GTATTACCTGACTCAGGTGATGG	GTATTACCTGACTCAGGTGATGG	....................	0	100.0	1.0	chrXVI	809818	809840	+	exon:YPR137C-B/YPR137C-A
 target67_chrX_478678:478828	95rev	GTATTACCTGACTCAGGTGATGG	GTATTACCTGACTCAGGTGATGG	....................	0	100.0	1.0	chrXIII	197057	197079	-	exon:YML040W/YML039W
 target67_chrX_478678:478828	95rev	GTATTACCTGACTCAGGTGATGG	GTATTACCTGACTCAGGTGATGG	....................	0	100.0	1.0	chrXII	220257	220279	+	intergenic:YLR035C-A-YLR036C
 target67_chrX_478678:478828	95rev	GTATTACCTGACTCAGGTGATGG	GTATTACCTGACTCAGGTGATGG	....................	0	100.0	1.0	chrIV	1207426	1207448	-	exon:YDR365W-A/YDR365W-B
 target67_chrX_478678:478828	95rev	GTATTACCTGACTCAGGTGATGG	GTATTACCTGACTCAGGTGATGG	....................	0	100.0	1.0	chrIV	650675	650697	+	exon:YDR098C-B/YDR098C-A
 target67_chrX_478678:478828	95rev	GTATTACCTGACTCAGGTGATGG	GTATTACCTGACTCAGGTGATGG	....................	0	100.0	1.0	chrXII	593867	593889	-	exon:YLR227W-A/YLR227W-B
 target67_chrX_478678:478828	95rev	GTATTACCTGACTCAGGTGATGG	GTATTACCTGACTCAGGTGATGG	....................	0	100.0	1.0	chrXV	595541	595563	-	exon:YOR142W-A/YOR142W-B
 target67_chrX_478678:478828	95rev	GTATTACCTGACTCAGGTGATGG	GTATTACCTGACTCAGGTGATGG	....................	0	100.0	1.0	chrXVI	845138	845160	-	exon:YPR158W-A/YPR158W-B
 target67_chrX_478678:478828	95rev	GTATTACCTGACTCAGGTGATGG	GTATTACCTGACTCAGGTGATGG	....................	0	100.0	1.0	chrXIV	519885	519907	-	exon:YNL054W-A/YNL054W-B
 target67_chrX_478678:478828	95rev	GTATTACCTGACTCAGGTGATGG	GTATTACCTGACTCAGGTGATGG	....................	0	100.0	1.0	chrXV	118429	118451	-	exon:YOL103W-A/YOL103W-B
 target67_chrX_478678:478828	95rev	GTATTACCTGACTCAGGTGATGG	GTATTACCTGACTCAGGTGATGG	....................	0	100.0	1.0	chrXII	651546	651568	-	exon:YLR256W-A
 target67_chrX_478678:478828	95rev	GTATTACCTGACTCAGGTGATGG	GTATTACCTGACTCAGGTGATGG	....................	0	100.0	1.0	chrVII	822564	822586	+	exon:YGR161C-D/YGR161C-C
 target67_chrX_478678:478828	95rev	GTATTACCTGACTCAGGTGATGG	GTATTACCTGACTCAGGTGATGG	....................	0	100.0	1.0	chrXVI	57177	57199	-	exon:YPL257W-A/YPL257W-B
 target67_chrX_478678:478828	95rev	GTATTACCTGACTCAGGTGATGG	GTATTACCTGACTCAGGTGATGG	....................	0	100.0	1.0	chrV	497673	497695	+	exon:YER160C/YER159C-A
 target67_chrX_478678:478828	95rev	GTATTACCTGACTCAGGTGATGG	GTATTACCTGACTCAGGTGATGG	....................	0	100.0	1.0	chrX	478773	478795	-	exon:YJR028W/YJR029W
 target67_chrX_478678:478828	95rev	GTATTACCTGACTCAGGTGATGG	GTATTACCTGACTCAGGTGATGG	....................	0	100.0	1.0	chrI	165415	165437	+	exon:YAR010C
 target67_chrX_478678:478828	95rev	GTATTACCTGACTCAGGTGATGG	GTATTACCTGACTCAGGTGATGG	....................	0	100.0	1.0	chrV	448573	448595	+	exon:YER138C/YER137C-A
 target67_chrX_478678:478828	95rev	GTATTACCTGACTCAGGTGATGG	GTATTACCTGACTCAGGTGATGG	....................	0	100.0	1.0	chrXIII	377874	377896	+	exon:YMR050C/YMR051C
 target67_chrX_478678:478828	95rev	GTATTACCTGACTCAGGTGATGG	GTATTACCTGACTCAGGTGATGG	....................	0	100.0	1.0	chrXIV	101781	101803	+	exon:YNL284C-B/YNL284C-A
 target67_chrX_478678:478828	95rev	GTATTACCTGACTCAGGTGATGG	GTATTACCTGACTCAGGTGATGG	....................	0	100.0	1.0	chrVIII	548895	548917	+	exon:YHR214C-B/YHR214C-C
 target67_chrX_478678:478828	95rev	GTATTACCTGACTCAGGTGATGG	GTATTACCTGACTCAGGTGATGG	....................	0	100.0	1.0	chrVII	536486	536508	-	exon:YGR027W-A/YGR027W-B
 target67_chrX_478678:478828	95rev	GTATTACCTGACTCAGGTGATGG	GTATTACCTGACTCAGGTGATGG	....................	0	100.0	1.0	chrXII	481150	481172	+	exon:YLR157C-B/YLR157C-A
 target67_chrX_478678:478828	95rev	GTATTACCTGACTCAGGTGATGG	GTATTACCTGACTCAGGTGATGG	....................	0	100.0	1.0	chrII	260298	260320	-	exon:YBR012W-A/YBR012W-B
 target67_chrX_478678:478828	95rev	GTATTACCTGACTCAGGTGATGG	GTATTACCTGACTCAGGTGATGG	....................	0	100.0	1.0	chrIV	1096493	1096515	-	exon:YDR316W-A/YDR316W-B
 target67_chrX_478678:478828	95rev	GTATTACCTGACTCAGGTGATGG	GTATTACCTGACTCAGGTGATGG	....................	0	100.0	1.0	chrXIII	184890	184912	-	exon:YML045W-A/YML045W
 target67_chrX_478678:478828	95rev	GTATTACCTGACTCAGGTGATGG	GTATTACCTGACTCAGGTGATGG	....................	0	100.0	1.0	chrIV	883476	883498	+	exon:YDR210C-D/YDR210C-C
 target67_chrX_478678:478828	95rev	GTATTACCTGACTCAGGTGATGG	GAATTACCTGACTCAGGTGACGG	.*..................	1	100.0	0.846153846	chrXIII	362176	362198	+	exon:YMR045C/YMR046C
 target67_chrX_478678:478828	95rev	GTATTACCTGACTCAGGTGATGG	GAATTACCTGACTCAGGTGACGG	.*..................	1	100.0	0.846153846	chrII	221759	221781	-	exon:YBL005W-A/YBL005W-B
 target67_chrX_478678:478828	95rev	GTATTACCTGACTCAGGTGATGG	GAATTACCTGACTCAGGTGACGG	.*..................	1	100.0	0.846153846	chrIV	803624	803646	-	exon:YDR170W-A
 target67_chrX_478678:478828	101rev	GTAAATGTATTACCTGACTCAGG	GTAAATGTATTACCTGACTCAGG	....................	0	100.0	1.0	chrIV	1096499	1096521	-	exon:YDR316W-A/YDR316W-B
 target67_chrX_478678:478828	101rev	GTAAATGTATTACCTGACTCAGG	GTAAATGTATTACCTGACTCAGG	....................	0	100.0	1.0	chrXVI	809812	809834	+	exon:YPR137C-B/YPR137C-A
 target67_chrX_478678:478828	101rev	GTAAATGTATTACCTGACTCAGG	GTAAATGTATTACCTGACTCAGG	....................	0	100.0	1.0	chrX	478779	478801	-	exon:YJR028W/YJR029W
 target67_chrX_478678:478828	101rev	GTAAATGTATTACCTGACTCAGG	GTAAATGTATTACCTGACTCAGG	....................	0	100.0	1.0	chrXIII	377868	377890	+	exon:YMR050C/YMR051C
 target67_chrX_478678:478828	101rev	GTAAATGTATTACCTGACTCAGG	GTAAATGTATTACCTGACTCAGG	....................	0	100.0	1.0	chrXIII	197063	197085	-	exon:YML040W/YML039W
 target67_chrX_478678:478828	101rev	GTAAATGTATTACCTGACTCAGG	GTAAATGTATTACCTGACTCAGG	....................	0	100.0	1.0	chrV	497667	497689	+	exon:YER160C/YER159C-A
 target67_chrX_478678:478828	101rev	GTAAATGTATTACCTGACTCAGG	GTAAATGTATTACCTGACTCAGG	....................	0	100.0	1.0	chrXIV	101775	101797	+	exon:YNL284C-B/YNL284C-A
 target67_chrX_478678:478828	101rev	GTAAATGTATTACCTGACTCAGG	GTAAATGTATTACCTGACTCAGG	....................	0	100.0	1.0	chrIV	1207432	1207454	-	exon:YDR365W-A/YDR365W-B
 target67_chrX_478678:478828	101rev	GTAAATGTATTACCTGACTCAGG	GTAAATGTATTACCTGACTCAGG	....................	0	100.0	1.0	chrIV	991892	991914	+	exon:YDR261C-D/YDR261C-C
 target67_chrX_478678:478828	101rev	GTAAATGTATTACCTGACTCAGG	GTAAATGTATTACCTGACTCAGG	....................	0	100.0	1.0	chrXIII	184896	184918	-	exon:YML045W-A/YML045W
 target67_chrX_478678:478828	101rev	GTAAATGTATTACCTGACTCAGG	GTAAATGTATTACCTGACTCAGG	....................	0	100.0	1.0	chrIV	650669	650691	+	exon:YDR098C-B/YDR098C-A
 target67_chrX_478678:478828	101rev	GTAAATGTATTACCTGACTCAGG	GTAAATGTATTACCTGACTCAGG	....................	0	100.0	1.0	chrVIII	548889	548911	+	exon:YHR214C-B/YHR214C-C
 target67_chrX_478678:478828	101rev	GTAAATGTATTACCTGACTCAGG	GTAAATGTATTACCTGACTCAGG	....................	0	100.0	1.0	chrV	448567	448589	+	exon:YER138C/YER137C-A
 target67_chrX_478678:478828	101rev	GTAAATGTATTACCTGACTCAGG	GTAAATGTATTACCTGACTCAGG	....................	0	100.0	1.0	chrXV	118435	118457	-	exon:YOL103W-A/YOL103W-B
 target67_chrX_478678:478828	101rev	GTAAATGTATTACCTGACTCAGG	GTAAATGTATTACCTGACTCAGG	....................	0	100.0	1.0	chrXV	595547	595569	-	exon:YOR142W-A/YOR142W-B
 target67_chrX_478678:478828	101rev	GTAAATGTATTACCTGACTCAGG	GTAAATGTATTACCTGACTCAGG	....................	0	100.0	1.0	chrXVI	845144	845166	-	exon:YPR158W-A/YPR158W-B
 target67_chrX_478678:478828	101rev	GTAAATGTATTACCTGACTCAGG	GTAAATGTATTACCTGACTCAGG	....................	0	100.0	1.0	chrXII	593873	593895	-	exon:YLR227W-A/YLR227W-B
 target67_chrX_478678:478828	101rev	GTAAATGTATTACCTGACTCAGG	GTAAATGTATTACCTGACTCAGG	....................	0	100.0	1.0	chrX	473195	473217	-	exon:YJR026W/YJR027W
 target67_chrX_478678:478828	101rev	GTAAATGTATTACCTGACTCAGG	GTAAATGTATTACCTGACTCAGG	....................	0	100.0	1.0	chrXII	651552	651574	-	exon:YLR256W-A
 target67_chrX_478678:478828	101rev	GTAAATGTATTACCTGACTCAGG	GTAAATGTATTACCTGACTCAGG	....................	0	100.0	1.0	chrVII	822558	822580	+	exon:YGR161C-D/YGR161C-C
 target67_chrX_478678:478828	101rev	GTAAATGTATTACCTGACTCAGG	GTAAATGTATTACCTGACTCAGG	....................	0	100.0	1.0	chrXVI	855800	855822	+	exon:YPR158C-D/YPR158C-C
 target67_chrX_478678:478828	101rev	GTAAATGTATTACCTGACTCAGG	GTAAATGTATTACCTGACTCAGG	....................	0	100.0	1.0	chrXIV	519891	519913	-	exon:YNL054W-A/YNL054W-B
 target67_chrX_478678:478828	101rev	GTAAATGTATTACCTGACTCAGG	GTAAATGTATTACCTGACTCAGG	....................	0	100.0	1.0	chrXVI	57183	57205	-	exon:YPL257W-A/YPL257W-B
 target67_chrX_478678:478828	101rev	GTAAATGTATTACCTGACTCAGG	GTAAATGTATTACCTGACTCAGG	....................	0	100.0	1.0	chrI	165409	165431	+	exon:YAR010C
 target67_chrX_478678:478828	101rev	GTAAATGTATTACCTGACTCAGG	GTAAATGTATTACCTGACTCAGG	....................	0	100.0	1.0	chrVII	567010	567032	+	exon:YGR038C-B/YGR038C-A
 target67_chrX_478678:478828	101rev	GTAAATGTATTACCTGACTCAGG	GTAAATGTATTACCTGACTCAGG	....................	0	100.0	1.0	chrII	260304	260326	-	exon:YBR012W-A/YBR012W-B
 target67_chrX_478678:478828	101rev	GTAAATGTATTACCTGACTCAGG	GTAAATGTATTACCTGACTCAGG	....................	0	100.0	1.0	chrXII	220251	220273	+	intergenic:YLR035C-A-YLR036C
 target67_chrX_478678:478828	101rev	GTAAATGTATTACCTGACTCAGG	GTAAATGTATTACCTGACTCAGG	....................	0	100.0	1.0	chrVII	536492	536514	-	exon:YGR027W-A/YGR027W-B
 target67_chrX_478678:478828	101rev	GTAAATGTATTACCTGACTCAGG	GTAAATGTATTACCTGACTCAGG	....................	0	100.0	1.0	chrIV	883470	883492	+	exon:YDR210C-D/YDR210C-C
 target67_chrX_478678:478828	101rev	GTAAATGTATTACCTGACTCAGG	GGAAATGAATTACCTGACTCAGG	.*.....*............	2	6.69014084507	0.672	chrXIII	362170	362192	+	exon:YMR045C/YMR046C
 target67_chrX_478678:478828	101rev	GTAAATGTATTACCTGACTCAGG	GGAAATGAATTACCTGACTCAGG	.*.....*............	2	6.69014084507	0.672	chrII	221765	221787	-	exon:YBL005W-A/YBL005W-B
 target67_chrX_478678:478828	101rev	GTAAATGTATTACCTGACTCAGG	GGAAATGAATTACCTGACTCAGG	.*.....*............	2	6.69014084507	0.672	chrIV	803630	803652	-	exon:YDR170W-A
 target67_chrX_478678:478828	109forw	AGCACTCCATCACCTGAGTCAGG	AGCACTCCATCACCTGAGTCAGG	....................	0	100.0	1.0	chrXIII	377880	377902	-	exon:YMR050C/YMR051C
 target67_chrX_478678:478828	109forw	AGCACTCCATCACCTGAGTCAGG	AGCACTCCATCACCTGAGTCAGG	....................	0	100.0	1.0	chrV	497679	497701	-	exon:YER160C/YER159C-A
 target67_chrX_478678:478828	109forw	AGCACTCCATCACCTGAGTCAGG	AGCACTCCATCACCTGAGTCAGG	....................	0	100.0	1.0	chrXII	481156	481178	-	exon:YLR157C-B/YLR157C-A
 target67_chrX_478678:478828	109forw	AGCACTCCATCACCTGAGTCAGG	AGCACTCCATCACCTGAGTCAGG	....................	0	100.0	1.0	chrXII	593861	593883	+	exon:YLR227W-A/YLR227W-B
 target67_chrX_478678:478828	109forw	AGCACTCCATCACCTGAGTCAGG	AGCACTCCATCACCTGAGTCAGG	....................	0	100.0	1.0	chrIV	650681	650703	-	exon:YDR098C-B/YDR098C-A
 target67_chrX_478678:478828	109forw	AGCACTCCATCACCTGAGTCAGG	AGCACTCCATCACCTGAGTCAGG	....................	0	100.0	1.0	chrXIII	197051	197073	+	exon:YML040W/YML039W
 target67_chrX_478678:478828	109forw	AGCACTCCATCACCTGAGTCAGG	AGCACTCCATCACCTGAGTCAGG	....................	0	100.0	1.0	chrIV	883482	883504	-	exon:YDR210C-D/YDR210C-C
 target67_chrX_478678:478828	109forw	AGCACTCCATCACCTGAGTCAGG	AGCACTCCATCACCTGAGTCAGG	....................	0	100.0	1.0	chrXV	595535	595557	+	exon:YOR142W-A/YOR142W-B
 target67_chrX_478678:478828	109forw	AGCACTCCATCACCTGAGTCAGG	AGCACTCCATCACCTGAGTCAGG	....................	0	100.0	1.0	chrXVI	57171	57193	+	exon:YPL257W-A/YPL257W-B
 target67_chrX_478678:478828	109forw	AGCACTCCATCACCTGAGTCAGG	AGCACTCCATCACCTGAGTCAGG	....................	0	100.0	1.0	chrVIII	548901	548923	-	exon:YHR214C-B/YHR214C-C
 target67_chrX_478678:478828	109forw	AGCACTCCATCACCTGAGTCAGG	AGCACTCCATCACCTGAGTCAGG	....................	0	100.0	1.0	chrIV	1207420	1207442	+	exon:YDR365W-A/YDR365W-B
 target67_chrX_478678:478828	109forw	AGCACTCCATCACCTGAGTCAGG	AGCACTCCATCACCTGAGTCAGG	....................	0	100.0	1.0	chrVII	567022	567044	-	exon:YGR038C-B/YGR038C-A
 target67_chrX_478678:478828	109forw	AGCACTCCATCACCTGAGTCAGG	AGCACTCCATCACCTGAGTCAGG	....................	0	100.0	1.0	chrV	448579	448601	-	exon:YER138C/YER137C-A
 target67_chrX_478678:478828	109forw	AGCACTCCATCACCTGAGTCAGG	AGCACTCCATCACCTGAGTCAGG	....................	0	100.0	1.0	chrXIV	519879	519901	+	exon:YNL054W-A/YNL054W-B
 target67_chrX_478678:478828	109forw	AGCACTCCATCACCTGAGTCAGG	AGCACTCCATCACCTGAGTCAGG	....................	0	100.0	1.0	chrIV	1096487	1096509	+	exon:YDR316W-A/YDR316W-B
 target67_chrX_478678:478828	109forw	AGCACTCCATCACCTGAGTCAGG	AGCACTCCATCACCTGAGTCAGG	....................	0	100.0	1.0	chrXVI	809824	809846	-	exon:YPR137C-B/YPR137C-A
 target67_chrX_478678:478828	109forw	AGCACTCCATCACCTGAGTCAGG	AGCACTCCATCACCTGAGTCAGG	....................	0	100.0	1.0	chrXIV	101787	101809	-	exon:YNL284C-B/YNL284C-A
 target67_chrX_478678:478828	109forw	AGCACTCCATCACCTGAGTCAGG	AGCACTCCATCACCTGAGTCAGG	....................	0	100.0	1.0	chrIV	991904	991926	-	exon:YDR261C-D/YDR261C-C
 target67_chrX_478678:478828	109forw	AGCACTCCATCACCTGAGTCAGG	AGCACTCCATCACCTGAGTCAGG	....................	0	100.0	1.0	chrXVI	855812	855834	-	exon:YPR158C-D/YPR158C-C
 target67_chrX_478678:478828	109forw	AGCACTCCATCACCTGAGTCAGG	AGCACTCCATCACCTGAGTCAGG	....................	0	100.0	1.0	chrX	478767	478789	+	exon:YJR028W/YJR029W
 target67_chrX_478678:478828	109forw	AGCACTCCATCACCTGAGTCAGG	AGCACTCCATCACCTGAGTCAGG	....................	0	100.0	1.0	chrXII	651540	651562	+	exon:YLR256W-A
 target67_chrX_478678:478828	109forw	AGCACTCCATCACCTGAGTCAGG	AGCACTCCATCACCTGAGTCAGG	....................	0	100.0	1.0	chrI	165421	165443	-	exon:YAR010C
 target67_chrX_478678:478828	109forw	AGCACTCCATCACCTGAGTCAGG	AGCACTCCATCACCTGAGTCAGG	....................	0	100.0	1.0	chrX	473183	473205	+	exon:YJR026W/YJR027W
 target67_chrX_478678:478828	109forw	AGCACTCCATCACCTGAGTCAGG	AGCACTCCATCACCTGAGTCAGG	....................	0	100.0	1.0	chrXIII	184884	184906	+	exon:YML045W-A/YML045W
 target67_chrX_478678:478828	109forw	AGCACTCCATCACCTGAGTCAGG	AGCACTCCATCACCTGAGTCAGG	....................	0	100.0	1.0	chrVII	822570	822592	-	exon:YGR161C-D/YGR161C-C
 target67_chrX_478678:478828	109forw	AGCACTCCATCACCTGAGTCAGG	AGCACTCCATCACCTGAGTCAGG	....................	0	100.0	1.0	chrXII	220263	220285	-	intergenic:YLR035C-A-YLR036C
 target67_chrX_478678:478828	109forw	AGCACTCCATCACCTGAGTCAGG	AGCACTCCATCACCTGAGTCAGG	....................	0	100.0	1.0	chrII	260292	260314	+	exon:YBR012W-A/YBR012W-B
 target67_chrX_478678:478828	109forw	AGCACTCCATCACCTGAGTCAGG	AGCACTCCATCACCTGAGTCAGG	....................	0	100.0	1.0	chrVII	536480	536502	+	exon:YGR027W-A/YGR027W-B
 target67_chrX_478678:478828	109forw	AGCACTCCATCACCTGAGTCAGG	AGCACTCCATCACCTGAGTCAGG	....................	0	100.0	1.0	chrXVI	845132	845154	+	exon:YPR158W-A/YPR158W-B
 target67_chrX_478678:478828	109forw	AGCACTCCATCACCTGAGTCAGG	AACACCCCGTCACCTGAGTCAGG	.*...*..*...........	3	0.94022021419	0.512820512932	chrXIII	362182	362204	-	exon:YMR045C/YMR046C
 target67_chrX_478678:478828	109forw	AGCACTCCATCACCTGAGTCAGG	AACACCCCGTCACCTGAGTCAGG	.*...*..*...........	3	0.94022021419	0.512820512932	chrII	221753	221775	+	exon:YBL005W-A/YBL005W-B
 target67_chrX_478678:478828	109forw	AGCACTCCATCACCTGAGTCAGG	AACACCCCGTCACCTGAGTCAGG	.*...*..*...........	3	0.94022021419	0.512820512932	chrIV	803618	803640	+	exon:YDR170W-A
 target67_chrX_478678:478828	138forw	ATTTACTGATTCATCCTCAGCGG	ATTTACTGATTCATCCTCAGCGG	....................	0	100.0	1.0	chrXIII	184913	184935	+	exon:YML045W-A/YML045W
 target67_chrX_478678:478828	138forw	ATTTACTGATTCATCCTCAGCGG	ATTTACTGATTCATCCTCAGCGG	....................	0	100.0	1.0	chrXII	593890	593912	+	exon:YLR227W-A/YLR227W-B
 target67_chrX_478678:478828	138forw	ATTTACTGATTCATCCTCAGCGG	ATTTACTGATTCATCCTCAGCGG	....................	0	100.0	1.0	chrXVI	57200	57222	+	exon:YPL257W-A/YPL257W-B
 target67_chrX_478678:478828	138forw	ATTTACTGATTCATCCTCAGCGG	ATTTACTGATTCATCCTCAGCGG	....................	0	100.0	1.0	chrXV	118452	118474	+	exon:YOL103W-A/YOL103W-B
 target67_chrX_478678:478828	138forw	ATTTACTGATTCATCCTCAGCGG	ATTTACTGATTCATCCTCAGCGG	....................	0	100.0	1.0	chrII	260321	260343	+	exon:YBR012W-A/YBR012W-B
 target67_chrX_478678:478828	138forw	ATTTACTGATTCATCCTCAGCGG	ATTTACTGATTCATCCTCAGCGG	....................	0	100.0	1.0	chrI	165392	165414	-	exon:YAR010C
 target67_chrX_478678:478828	138forw	ATTTACTGATTCATCCTCAGCGG	ATTTACTGATTCATCCTCAGCGG	....................	0	100.0	1.0	chrX	473212	473234	+	exon:YJR026W/YJR027W
 target67_chrX_478678:478828	138forw	ATTTACTGATTCATCCTCAGCGG	ATTTACTGATTCATCCTCAGCGG	....................	0	100.0	1.0	chrVII	536509	536531	+	exon:YGR027W-A/YGR027W-B
 target67_chrX_478678:478828	138forw	ATTTACTGATTCATCCTCAGCGG	ATTTACTGATTCATCCTCAGCGG	....................	0	100.0	1.0	chrV	448550	448572	-	exon:YER138C/YER137C-A
 target67_chrX_478678:478828	138forw	ATTTACTGATTCATCCTCAGCGG	ATTTACTGATTCATCCTCAGCGG	....................	0	100.0	1.0	chrXII	651569	651591	+	exon:YLR256W-A
 target67_chrX_478678:478828	138forw	ATTTACTGATTCATCCTCAGCGG	ATTTACTGATTCATCCTCAGCGG	....................	0	100.0	1.0	chrX	478796	478818	+	exon:YJR028W/YJR029W
 target67_chrX_478678:478828	138forw	ATTTACTGATTCATCCTCAGCGG	ATTTACTGATTCATCCTCAGCGG	....................	0	100.0	1.0	chrIV	1207449	1207471	+	exon:YDR365W-A/YDR365W-B
 target67_chrX_478678:478828	138forw	ATTTACTGATTCATCCTCAGCGG	ATTTACTGATTCATCCTCAGCGG	....................	0	100.0	1.0	chrIV	991875	991897	-	exon:YDR261C-D/YDR261C-C
 target67_chrX_478678:478828	138forw	ATTTACTGATTCATCCTCAGCGG	ATTTACTGATTCATCCTCAGCGG	....................	0	100.0	1.0	chrXIV	519908	519930	+	exon:YNL054W-A/YNL054W-B
 target67_chrX_478678:478828	138forw	ATTTACTGATTCATCCTCAGCGG	ATTTACTGATTCATCCTCAGCGG	....................	0	100.0	1.0	chrVII	822541	822563	-	exon:YGR161C-D/YGR161C-C
 target67_chrX_478678:478828	138forw	ATTTACTGATTCATCCTCAGCGG	ATTTACTGATTCATCCTCAGCGG	....................	0	100.0	1.0	chrIV	650652	650674	-	exon:YDR098C-B/YDR098C-A
 target67_chrX_478678:478828	138forw	ATTTACTGATTCATCCTCAGCGG	ATTTACTGATTCATCCTCAGCGG	....................	0	100.0	1.0	chrVII	566993	567015	-	exon:YGR038C-B/YGR038C-A
 target67_chrX_478678:478828	138forw	ATTTACTGATTCATCCTCAGCGG	ATTTACTGATTCATCCTCAGCGG	....................	0	100.0	1.0	chrXVI	845161	845183	+	exon:YPR158W-A/YPR158W-B
 target67_chrX_478678:478828	138forw	ATTTACTGATTCATCCTCAGCGG	ATTTACTGATTCATCCTCAGCGG	....................	0	100.0	1.0	chrXIII	197080	197102	+	exon:YML040W/YML039W
 target67_chrX_478678:478828	138forw	ATTTACTGATTCATCCTCAGCGG	ATTTACTGATTCATCCTCAGCGG	....................	0	100.0	1.0	chrXII	481127	481149	-	exon:YLR157C-B/YLR157C-A
 target67_chrX_478678:478828	138forw	ATTTACTGATTCATCCTCAGCGG	ATTTACTGATTCATCCTCAGCGG	....................	0	100.0	1.0	chrXIV	101758	101780	-	exon:YNL284C-B/YNL284C-A
 target67_chrX_478678:478828	138forw	ATTTACTGATTCATCCTCAGCGG	ATTTACTGATTCATCCTCAGCGG	....................	0	100.0	1.0	chrXVI	809795	809817	-	exon:YPR137C-B/YPR137C-A
 target67_chrX_478678:478828	138forw	ATTTACTGATTCATCCTCAGCGG	ATTTACTGATTCATCCTCAGCGG	....................	0	100.0	1.0	chrIV	883453	883475	-	exon:YDR210C-D/YDR210C-C
 target67_chrX_478678:478828	138forw	ATTTACTGATTCATCCTCAGCGG	ATTTACTGATTCATCCTCAGCGG	....................	0	100.0	1.0	chrXV	595564	595586	+	exon:YOR142W-A/YOR142W-B
 target67_chrX_478678:478828	138forw	ATTTACTGATTCATCCTCAGCGG	ATTTACTGATTCATCCTCAGCGG	....................	0	100.0	1.0	chrVIII	548872	548894	-	exon:YHR214C-B/YHR214C-C
 target67_chrX_478678:478828	138forw	ATTTACTGATTCATCCTCAGCGG	ATTTACTGATTCATCCTCAGCGG	....................	0	100.0	1.0	chrXII	220234	220256	-	intergenic:YLR035C-A-YLR036C
 target67_chrX_478678:478828	138forw	ATTTACTGATTCATCCTCAGCGG	ATTTACTGATTCATCCTCAGCGG	....................	0	100.0	1.0	chrV	497650	497672	-	exon:YER160C/YER159C-A
 target67_chrX_478678:478828	138forw	ATTTACTGATTCATCCTCAGCGG	ATTTACTGATTCATCCTCAGCGG	....................	0	100.0	1.0	chrIV	1096516	1096538	+	exon:YDR316W-A/YDR316W-B
 target67_chrX_478678:478828	138forw	ATTTACTGATTCATCCTCAGCGG	ATTTACTGATTCATCCTCAGCAG	....................	0	20.0	0.259259259	chrXVI	855783	855805	-	exon:YPR158C-D/YPR158C-C
